이름,성별,생년월일,우편번호,주소,나이,휴대폰번호,가입일자,가입기간,수신총잔액 ,신용대출한도 ,신용등급,담보대출한도 ,년간환전액
로헨리지오,F,19801217,100002,경기 파주시 야당동,40,010-8704-8249,2002-06-19,16,124609,71800000,3,143600000,0
표연차,F,19760519,022157,경기 성남시 구미동,44,010-5544-7944,2003-02-06,15,20725071,226200000,3,452400000,0
장락훈,F,19830116,003292,서울 동대문구 이문동,37,010-3709-0935,2004-10-07,13,9887452,284300000,2,568600000,0
낭섭종,F,19480709,033298,경북 영천시 북안면,72,010-5342-7064,2004-01-28,14,169001,4000000,9,8000000,0
점다보라,F,19450816,048686,경기 고양시 풍동 ,75,010-5245-1458,2006-01-23,12,5167260,124700000,5,249400000,0
탄곤휘,F,19871114,042650,제주 제주시 일도동,33,010-8012-1602,2001-08-27,16,997341,216000000,2,432000000,0
엽작산,F,19510819,015233,광주 북구 용봉동,69,010-7260-0935,2005-02-16,13,8804197,3900000,6,7800000,0
화오엽,M,19540603,015122,광주 북구 매곡동,66,010-4232-8083,2006-07-12,11,434919,7600000,6,15200000,0
독고설연,M,19570530,019877,경기 고양시 성사동,63,010-1001-4046,2005-01-28,13,773514,446100000,2,892200000,0
남궁위츠,F,19600818,002479,서울 노원구 공릉1동,60,010-4138-0357,2005-10-28,12,617512,72000000,3,144000000,0
고잔훈원,M,19720407,003151,서울 도봉구 창4동,48,010-9114-2918,2003-07-21,14,9047294,31000000,7,62000000,0
민재결,M,19460328,003744,서울 마포구 공덕동,74,010-1365-5378,2005-10-23,12,996718,514200000,3,1028400000,0
삼룩히,M,19700725,003915,서울 마포구 공덕동,50,010-4741-2044,2002-07-22,15,841094732,7000000,3,14000000,0
남우리애,F,19410606,020332,경기 고양시 풍동,79,010-5926-3783,2005-09-27,12,46001,14900000,4,29800000,0
감삼한결,M,19480502,022418,경기 성남시 신흥1동,72,010-3072-2590,2003-09-06,14,93486448,109100000,3,218200000,0
낭코넌,M,19531214,020326,경기 고양시 탄현동,67,010-6721-6493,2003-08-08,14,461448,4800000,8,9600000,0
천실행,F,19460821,048580,경기 고양시 마두동,74,010-3072-1327,2004-04-22,14,9798413,293200000,3,586400000,0
천요틴,M,19370226,010337,부산 해운대구 반여동,83,010-5750-7242,2003-02-03,15,815200,54000000,7,108000000,0
감희봄,M,19440829,012435,대구 수성구 범어4동,76,010-7860-2043,2003-01-23,15,1368762,12900000,6,25800000,0
관폴도현,M,19540620,005712,서울 영등포구 신길4동,66,010-8994-4239,2003-08-04,14,26674225,20300000,5,40600000,0
황목차욱,F,19641028,010972,대구 달서구 본동,56,010-6871-7078,2004-06-13,14,361500,279400000,2,558800000,0
화택찬,M,19720717,020132,경기 고양시 백석동,48,010-8079-0237,2009-03-19,9,6348963,26100000,4,52200000,0
교용관,M,19580304,002320,서울 구로구 오류2동,62,010-5742-3951,2007-08-19,10,1873968,259000000,4,518000000,0
완힘찬이,M,19580421,019959,경기 고양시 화전동,62,010-3287-0432,2006-07-29,11,849461569,2600000,4,5200000,0
기로이스김,F,19690720,025388,경기 이천시 창전동,51,010-5204-3195,2004-12-20,13,5241289,11900000,6,23800000,0
송준아,F,19661112,006499,서울 은평구 증산동,54,010-7796-4683,2002-05-20,16,277350,41200000,3,82400000,0
은즐리아,M,19571007,004679,서울 성동구 행당동,63,010-6902-0255,2005-11-13,12,677372,15400000,8,30800000,0
뢰애비희원,F,19700111,003951,서울 마포구 중동,50,010-1424-8974,2005-10-31,12,735129,185500000,2,371000000,0
간한윤,F,19841122,020059,경기 고양시 덕이동,36,010-4574-4242,2005-03-13,13,17924025,40800000,3,81600000,0
증금이,F,19530511,006302,서울 은평구 갈현동,67,010-4213-0062,2008-03-03,10,22639669,20900000,4,41800000,0
필사랑쯔이,M,19790507,021241,경기 김포시 하성면,41,010-2854-7374,2005-02-17,13,26327094,80600000,4,161200000,0
보리나다빈,F,19730520,006295,서울 은평구 갈현2동,47,010-1512-5367,2002-08-19,15,7642775,793100000,1,1586200000,176200000
서문엘레노라,F,19661009,048046,충북 청원군 옥산면,54,010-8901-7472,2002-09-22,15,27586243,4200000,5,8400000,0
함남결,M,19531021,042853,충남 공주시 봉황동,67,010-1827-6582,2003-03-12,15,9116496,13400000,8,26800000,0
왕카리스,M,19470509,006458,서울 은평구 응암1동,73,010-6336-5349,2008-11-27,9,2033908,22100000,6,44200000,0
부등승,F,19870418,029857,경남 남해군 서면,33,010-2940-8625,2003-09-13,14,537142,28300000,4,56600000,0
갈재업,M,19670609,003960,서울 마포구 창전동,53,010-9956-6518,2009-01-06,9,9749046,34000000,7,68000000,7000000
선우노아시원,M,19520926,020426,경기 광명시 광명4동,68,010-3661-8469,2012-06-20,6,240393,1200000,10,2400000,0
오문보,F,19620224,020112,경기 고양시 백석동,58,010-1208-5098,2005-12-19,12,184976,4100000,9,8200000,0
우앤드류종,M,19460510,026117,경기 평택시 고덕면,74,010-2066-1930,2003-10-10,14,7921823,59500000,4,119000000,0
금자현,M,19631122,021100,경기 김포시 감정동,57,010-9565-7483,2003-04-28,15,788325,32900000,4,65800000,0
낭클로비스,F,19441207,004615,서울 성동구 옥수2동,76,010-3790-5957,2004-04-06,14,490880,25100000,4,50200000,0
로래문,M,19680716,032332,경북 상주시 낙양동,52,010-1539-9778,2001-12-12,16,179059167,38800000,3,77600000,0
함정지원,F,19600628,001252,서울 강서구 내발산동,60,010-2721-1277,2005-06-29,13,972902,30600000,5,61200000,0
좌맥스유턱,M,19840127,025175,경기 의정부시 신곡1동,36,010-7976-0595,2004-03-08,14,20653336,2400000,7,4800000,0
남제이든최,M,19650901,016151,대전 서구 정림동,55,010-9636-5887,2005-04-25,13,2580862,70900000,4,141800000,0
곽남교,M,19790424,004417,서울 서초구 양재2동,41,010-8437-7153,2007-05-13,11,562882,4800000,9,9600000,0
무본기로,F,19800813,001484,서울 관악구 봉천1동,40,010-1871-2134,2005-04-20,13,2219707,207300000,2,414600000,0
곡택은,M,19530525,040611,전북 전주시 덕진동1가,67,010-3788-4991,2006-11-28,11,610271,64000000,6,128000000,0
이니나에페,M,19621128,032102,경북 김천시 증산면,58,010-4487-3960,2007-08-04,10,22562868,9700000,6,19400000,0
사명낙,M,19840531,048547,경기 고양시 주엽동,36,010-7829-8481,2003-12-23,14,802009,169300000,3,338600000,0
위오빈,F,19611025,019877,경기 고양시 성사동,59,010-6927-1550,2006-11-13,11,633808,784600000,2,1569200000,164900000
계사욱,F,19520711,006397,서울 은평구 수색동,68,010-5634-0003,2004-07-28,13,441377,19100000,4,38200000,0
석의별,M,19820501,020326,경기 고양시 탄현동,38,010-4706-8831,2004-09-08,13,2018273,7300000,8,14600000,0
무본니꼬,F,19640325,048580,경기 고양시 마두동,56,010-9032-8881,2005-09-11,12,472600,266300000,2,532600000,0
송예일리,F,19421225,027905,경남 마산시 산호동,78,010-9601-0281,2006-10-11,11,973562,86700000,3,173400000,0
여해마루,F,19920228,022009,경기 부천시 심곡3동,28,010-6217-4149,2002-07-03,16,689013,18900000,3,37800000,0
후혜순,M,19470521,036270,전남 목포시 용해동,73,010-5306-8376,2010-07-13,7,25881913,1700000,9,3400000,0
삼벽생,M,19571014,017663,강원 삼척시 정하동,63,010-6743-8228,2003-07-14,14,802482,491100000,3,982200000,0
비예수아,F,19680306,021731,경기 동두천시 탑동,52,010-4944-6748,2008-09-06,9,1879713,76900000,3,153800000,0
사공이드,F,19811015,020184,경기 고양시 일산2동,39,010-6306-0100,2004-07-21,13,77822,309300000,2,618600000,0
려의도,M,19690614,020035,경기 고양시 대화동,51,010-8031-2408,2002-02-05,16,790981,382100000,3,764200000,6200000
요보야향,M,19640418,044475,충남 당진군 합덕읍,56,010-2570-2832,2006-02-15,12,1671675,38300000,7,76600000,0
심규응,F,19470923,047837,충북 청원군 강내면,73,010-9189-9996,2001-10-15,16,300694,1700000,9,3400000,9300000
창리바이헌,M,19580415,040308,전북 익산시 마동,62,010-8084-7778,2002-10-24,15,677382,6000000,4,12000000,0
현정결,F,19920602,004164,서울 서대문구 홍은동,28,010-3056-3246,2005-08-26,12,526839,3700000,8,7400000,0
안컬린다은,M,19570618,019914,경기 고양시 행신1동,63,010-5169-8617,2010-01-12,8,891492,30400000,4,60800000,0
만승겸,M,19600906,027631,경남 김해시 내동,60,010-8009-2905,2006-09-04,11,397075,723800000,2,1447600000,0
궉묵율,M,19800603,042784,제주 북제주군 한림읍,40,010-7231-6161,2004-08-29,13,625150,2000000,10,4000000,0
봉에셔하늘,M,19590402,021865,경기 부천시 고강1동,61,010-9552-7158,2007-06-06,11,331345548,1600000,4,3200000,0
남토우리,M,19770116,000834,서울 강동구 천호1동,43,010-8099-1302,2001-05-09,17,359494,28200000,6,56400000,0
부리아연두,M,19570326,043099,충남 논산시 부창동,63,010-2180-0112,2008-12-28,9,510332,13700000,8,27400000,0
수소홍,M,19490728,025266,경기 의정부시 의정부3동,71,010-1499-7681,2004-01-01,14,3607154,15200000,7,30400000,0
옥클챤현빈,F,19601012,042155,전북 임실군 신덕면,60,010-6330-0809,2006-05-03,12,9931398,181000000,3,362000000,0
려제니지우,F,19680712,019783,강원 횡성군 둔내면,52,010-9203-0577,2001-11-12,16,963023,215600000,2,431200000,0
추레아예은,F,19620805,027588,경남 거제시 장목면,58,010-1156-6297,2008-04-17,10,5283355,15900000,8,31800000,0
기세승,M,19591108,030181,경남 창녕군 창녕읍,61,010-7401-3616,2005-11-13,12,6577157,44700000,6,89400000,0
구잎새,M,19510720,015325,인천 강화군 송해면,69,010-9639-1573,2006-07-20,11,918203,10700000,9,21400000,0
곽문호,M,19550203,005569,서울 양천구 신정7동,65,010-7571-3480,2009-01-05,9,6095402,187000000,4,374000000,0
남궁재제,F,19661230,048580,경기 고양시 마두동,54,010-4320-4301,2003-03-25,15,120120,65200000,4,130400000,0
계지아레이,F,19580221,014002,인천 서구 당하동,62,010-8052-0989,2007-09-16,10,245270,104500000,6,209000000,0
하날사,F,19771216,006301,서울 은평구 갈현2동,43,010-4517-8740,2004-06-06,14,6444943,36400000,4,72800000,0
총광평,F,19560529,038262,전남 영암군 영암읍,64,010-4494-0261,2002-05-24,16,27204,17700000,4,35400000,0
관비권,M,19410416,020184,경기 고양시 일산2동,79,010-3805-1478,2006-05-11,12,19019990,12600000,8,25200000,0
등에리카선,F,19740915,003694,서울 동작구 신대방2동,46,010-2212-3155,2006-03-12,12,42463,4500000,6,9000000,0
자루아라,F,19790614,047771,충북 진천군 이월면,41,010-3078-4913,2007-08-23,10,6003820,255600000,2,511200000,0
매석율,F,19420317,024163,경기 안양시 안양2동,78,010-3831-4634,2007-11-11,10,16309980,17000000,4,34000000,0
야유겸,M,19590921,039240,전남 해남군 문내면,61,010-5504-5094,2006-05-09,12,366436,3900000,7,7800000,0
황보앨런예혁,M,19680403,043925,충남 아산시 인주면,52,010-1659-9447,2006-06-28,12,150473,49300000,6,98600000,0
배칭민,M,19690822,027972,경남 마산시 오동동,51,010-8971-2866,2006-09-04,11,430539,76400000,6,152800000,0
반토오루,F,19600811,048686,경기 고양시 풍동 ,60,010-2950-7336,2002-08-05,15,409750,171700000,4,343400000,0
주금이율,F,19630528,022029,경기 부천시 역곡1동,57,010-1840-3648,2002-12-11,15,328445,1300000,9,2600000,0
포도오,M,19561011,013667,인천 부평구 부개2동,64,010-7292-9840,2008-07-21,9,406134,2900000,10,5800000,0
정부창,M,19511023,046765,충북 괴산군 칠성면,69,010-1790-1568,2009-10-01,8,22998160,37700000,6,75400000,0
공한솔하,F,19520617,023184,경기 시흥시 은행동,68,010-7699-5653,2006-11-06,11,484860,26700000,4,53400000,0
은앤서니진,F,19600208,005066,서울 송파구 가락동,60,010-2903-4850,2003-02-09,15,6754532,2200000,8,4400000,0
낭에이미리,F,19650627,021157,경기 김포시 장기동,55,010-6813-1187,2004-11-16,13,730949,48300000,4,96600000,0
번최지윤,F,19530313,019913,경기 고양시 토당동,67,010-5796-1031,2002-08-13,15,20314322,383800000,2,767600000,45800000
뢰종헤이,M,19660423,022086,경기 부천시 중3동,54,010-2380-1595,2007-03-22,11,4324988,72800000,4,145600000,0
감이츠키,M,19530918,015714,대전 대덕구 송촌동,67,010-9937-9051,2007-07-22,10,784282,459800000,3,919600000,0
서가준,M,19471219,048345,경기 고양시 백석동,73,010-9028-9655,2008-10-07,9,807784,20500000,7,41000000,0
한민낫,F,19761013,005900,서울 영등포구 영등포동3가,44,010-9600-3471,2006-09-10,11,1288504,5000000,9,10000000,0
동방진흥,M,19560813,003844,서울 마포구 상암동,64,010-8991-4482,2004-06-25,14,134976,1500000,8,3000000,0
어최상,F,19461107,001315,서울 강서구 방화3동,74,010-9184-6904,2006-12-21,11,431131,36700000,4,73400000,0
등정얀희,M,19530315,015647,광주 서구 화정동,67,010-9458-6077,2003-08-27,14,183615,9800000,8,19600000,0
어강바라,F,19400221,028800,경남 진주시 이현동,80,010-7767-3042,2006-07-09,12,29470,199000000,4,398000000,0
순령생,M,19500307,016780,울산 동구 서부동,70,010-9570-3044,2004-10-13,13,558315,11200000,7,22400000,0
빙범창,F,19650106,048435,경기 고양시 중산동,55,010-5479-0042,2001-09-10,16,100101,547300000,1,1094600000,0
서술비,M,19540628,025631,경기 파주시 금촌동,66,010-3736-8513,2006-06-04,12,14758614,14100000,6,28200000,0
당라렬,F,19700327,020011,경기 고양시 가좌동,50,010-8893-5327,2005-04-03,13,9723199,19000000,4,38000000,0
학재빈매튜,M,19701019,048580,경기 고양시 마두동,50,010-4229-5171,2004-01-26,14,496329,39400000,4,78800000,0
예레나,F,19460803,037556,전남 담양군 봉산면,74,010-2026-2036,2004-11-10,13,639047270,2200000,4,4400000,0
아추미,M,19540926,014168,인천 연수구 청학동,66,010-8755-6207,2008-12-11,9,397219,12000000,7,24000000,0
팽찬형,F,19830720,024147,경기 안양시 석수동,37,010-6802-1988,2003-03-25,15,7947398,350100000,2,700200000,0
아휴버트정,F,19500508,019949,경기 고양시 행신3동,70,010-2661-3770,2006-10-19,11,875873,814700000,1,1629400000,0
위윤라온,F,19581206,028121,경남 마산시 회원2동,62,010-8867-9103,2004-11-18,13,271581429,46300000,3,92600000,0
오찬시,F,19600516,025700,경기 파주시 교하읍,60,010-4519-6742,2002-03-13,16,21374703,329300000,2,658600000,0
자비앙,M,19710306,021248,경기 남양주시 가운동,49,010-7783-2879,2009-02-03,9,85423,21600000,8,43200000,0
뢰윤아마리,F,19421019,014662,광주 광산구 장덕동,78,010-6767-2491,2007-10-02,10,257694,33200000,4,66400000,0
종션선덕,F,19780806,020326,경기 고양시 탄현동,42,010-7581-7480,2004-08-03,13,223007,52000000,4,104000000,0
추미켈,M,19500402,007320,서울 중랑구 면목6동,70,010-8355-1897,2001-09-24,16,519365,31900000,3,63800000,0
어중앙,M,19780407,022569,경기 성남시 은행2동,42,010-9376-5063,2007-02-13,11,24149658,2900000,4,5800000,0
김꺄미유미,F,19690524,022079,경기 부천시 중2동,51,010-6562-5248,2006-08-10,11,590749,29800000,7,59600000,0
황보잔민,F,19740705,016719,울산 남구 야음동,46,010-9575-9110,2007-03-06,11,773903,29000000,8,58000000,0
완나임,F,19891231,020184,경기 고양시 일산2동,31,010-9267-7046,2008-01-30,10,10128438,1900000,9,3800000,0
당봄설,M,19520302,017812,강원 속초시 교동,68,010-8540-5823,2009-06-28,9,20793154,24500000,6,49000000,0
문새롬,F,19521113,003518,서울 동작구 사당3동,68,010-2845-4307,2004-12-21,13,19522585,1700000,6,3400000,0
애뻬드로,F,19460424,019831,강원 횡성군 청일면,74,010-8345-0129,2006-03-26,12,3041371,6500000,6,13000000,0
태엠마윤서,F,20161025,022449,경기 성남시 태평1동,4,010-1616-6093,2004-02-22,14,20093358,2700000,5,5400000,0
봉배명,M,19500901,006899,서울 은평구 진관동,70,010-4037-5653,2006-03-05,12,4980328,25000000,5,50000000,0
온시아재이,F,19520415,020292,경기 고양시 주엽2동,68,010-2392-3141,2007-03-16,11,482620,145800000,3,291600000,0
총송우주,F,19721007,025628,경기 파주시 금촌2동,48,010-3910-7258,2005-05-11,13,23325191,720400000,3,1440800000,0
왕기배,M,19490326,020184,경기 고양시 일산2동,71,010-8928-4214,2006-05-27,12,978004,70200000,6,140400000,41000000
옥도지환,F,19740617,014197,인천 중구 신흥동2가,46,010-4099-5084,2004-02-23,14,996075,110100000,3,220200000,0
표윤제인,M,19570519,027457,경남 거제시 신현읍,63,010-7321-8200,2006-09-20,11,252801,11900000,8,23800000,0
남궁샤일로,M,19650127,004734,서울 성북구 돈암동,55,010-7575-1327,2006-10-13,11,956194,2600000,10,5200000,0
동방규혜,F,19581109,013540,인천 남동구 만수2동,62,010-8310-2550,2007-06-19,11,540439,25900000,8,51800000,0
엄숨결,F,19650506,048425,경기 고양시 중산동,55,010-2296-9997,2005-11-16,12,4956579,78900000,3,157800000,0
종윈스턴,F,19540829,048343,경기 고양시 마두동,66,010-4036-9412,2005-03-06,13,3616127,1600000,7,3200000,0
태크마,F,19740828,021964,경기 부천시 상3동,46,010-5720-1661,2003-03-14,15,79356,194400000,3,388800000,0
국태야,F,19760502,006651,서울 종로구 숭인2동,44,010-6196-2842,2005-02-20,13,213850,70000000,4,140000000,0
조름사,M,19580403,016203,대전 유성구 대정동,62,010-9190-5042,2001-05-29,17,625172,15200000,6,30400000,0
양하지매,F,19430207,035667,경북 칠곡군 북삼읍,77,010-2965-3337,2002-07-02,16,2399172,2700000,7,5400000,9100000
탕진가,M,19670705,014059,인천 서구 왕길동,53,010-2487-6078,2004-10-25,13,633649,17400000,6,34800000,0
섭아멘,F,19500712,045538,충남 태안군 안면읍,70,010-9404-3657,2004-11-08,13,626509107,5100000,3,10200000,0
간아인코모,M,19741109,006332,서울 은평구 녹번동,46,010-4348-5947,2008-06-04,10,995010,1900000,10,3800000,0
추안다비,M,19680926,045058,충남 연기군 조치원읍,52,010-2652-9825,2005-08-08,12,4025028,46600000,4,93200000,0
황제이린,F,19691225,007486,서울 중랑구 중화2동,51,010-7343-8436,2002-08-20,15,6267419,172000000,2,344000000,0
경자라타오,F,19810126,004164,서울 서대문구 홍은동,39,010-7267-6446,2002-04-01,16,903354,470100000,2,940200000,0
팽한평,M,19490510,024839,경기 용인시 기흥읍,71,010-7212-1321,2004-04-13,14,191688,711300000,1,1422600000,111800000
보민아이,M,19460527,033064,경북 영주시 부석면,74,010-4252-5831,2005-11-07,12,27058333,2300000,8,4600000,0
명자넷효진,F,19451226,013474,인천 남동구 구월2동,75,010-8770-5029,2004-04-22,14,938906081,21300000,2,42600000,0
노사예랑,F,19471004,013015,인천 계양구 박촌동,73,010-1689-7273,2004-08-22,13,682382,29300000,4,58600000,0
탁준환,M,19670531,020125,경기 고양시 백석동,53,010-7924-8373,2002-05-02,16,12667,519500000,3,1039000000,0
감호삼,M,20031225,025815,경기 파주시 파주읍,17,010-7359-4826,2004-04-13,14,4414840,16200000,4,32400000,0
오명월,F,19920605,004444,서울 서초구 양재동,28,010-1367-8850,2002-06-08,16,357645,34000000,4,68000000,0
동방려후,F,19630823,020067,경기 고양시 마두1동,57,010-1500-1638,2004-08-04,13,442113,118300000,3,236600000,0
뢰대돈,F,19530703,000900,서울 강동구 천호동,67,010-2002-1101,2006-10-09,11,529273,26700000,4,53400000,0
종황초인,M,19690813,006430,서울 은평구 신사동,51,010-3820-1093,2005-11-29,12,274021,111900000,6,223800000,2200000
어성표,M,19490128,001261,서울 강서구 등촌2동,71,010-6812-5398,2002-12-17,15,4252158,626000000,1,1252000000,0
부리효,F,19711202,026432,경기 하남시 덕풍동,49,010-2357-7157,2006-07-28,11,990101,36800000,4,73600000,0
옹새동,M,19780704,048663,경기 고양시 풍동 ,42,010-5074-1258,2004-02-08,14,685929,41800000,4,83600000,0
성레오안,M,19530821,014012,인천 서구 마전동,67,010-3182-0486,2006-03-09,12,21868961,23700000,5,47400000,0
망절주이레,M,19680125,042473,제주 제주시 노형동,52,010-2508-9235,2005-06-30,13,560028,24300000,7,48600000,0
봉귀심,M,19790918,014885,광주 동구 금남로2가,41,010-8367-9067,2008-05-06,10,5554333,36500000,3,73000000,0
담사동,F,19630109,016274,대전 유성구 전민동,57,010-8118-4713,2010-02-21,8,3194843,185500000,2,371000000,0
돈소금이,M,19500629,002526,서울 노원구 공릉3동,70,010-2582-1592,2006-05-04,12,26486803,14100000,8,28200000,0
하무아즈,M,19610626,031593,경북 구미시 도량1동,59,010-1432-2857,2006-06-11,12,997409,2600000,8,5200000,0
무본재장,M,19600618,024792,경기 용인시 기흥읍,60,010-8257-9890,2004-06-23,14,611688283,14000000,4,28000000,0
가이로하,F,19620328,023995,경기 안양시 비산2동,58,010-9408-2510,2004-01-19,14,909813,96500000,5,193000000,0
궁리나수잔,F,19501008,020329,경기 고양시 풍동,70,010-2876-5035,2006-06-20,12,5891405,29200000,4,58400000,102700000
우을하늘,M,19830225,005685,서울 영등포구 문래동,37,010-9361-9887,2007-01-08,11,955505,614600000,3,1229200000,0
인여울,M,19400122,007246,서울 중랑구 망우동,80,010-7551-4774,2009-02-10,9,906485,19800000,4,39600000,0
마휘황,F,19420908,011318,대구 동구 불로동,78,010-5902-2174,2008-05-19,10,52735,68700000,3,137400000,0
보하늬,M,19410629,003815,서울 마포구 망원1동,79,010-1155-5361,2005-02-15,13,452777,344200000,2,688400000,131500000
범승란,M,19790217,003844,서울 마포구 상암동,41,010-1464-4188,2009-04-10,9,312118,2900000,10,5800000,0
류이사벨라,F,19500128,022747,경기 수원시 호매실동,70,010-1418-9305,2002-11-24,15,292207,308400000,2,616800000,0
정다윗예찬,M,19590427,013978,인천 서구 가좌4동,61,010-8552-8755,2001-02-27,17,3085485,14400000,5,28800000,0
옥덕재,F,19771116,024733,경기 용인시 구성읍,43,010-3403-4937,2006-04-07,12,952801,101700000,6,203400000,0
란미끼,M,19650520,019959,경기 고양시 화전동,55,010-5068-2103,2004-09-20,13,977526,3000000,9,6000000,0
묘아이르,F,19531002,020340,경기 고양시 탄현동,67,010-1524-0689,2001-10-08,16,5607822,32700000,4,65400000,0
자재클린앤,M,19610706,031904,경북 김천시 부곡동,59,010-2702-6516,2004-08-02,13,4044709,574400000,3,1148800000,0
류들빛,M,19840613,025627,경기 파주시 금촌1동,36,010-7234-2095,2004-07-05,14,7358869,105700000,4,211400000,0
범실기,M,19430326,005283,서울 송파구 잠실3동,77,010-3105-7072,2001-10-29,16,9444035,12800000,8,25600000,0
포제인지영,F,19581021,003304,서울 동대문구 장안2동,62,010-5411-6762,2004-12-30,13,903951,19400000,8,38800000,0
화필립용,F,19540405,005600,서울 영등포구 당산동4가,66,010-4322-1024,2009-05-06,9,560906,4300000,6,8600000,0
팽한아람,M,19481229,007089,서울 중구 회현동1가,72,010-3287-4249,2001-04-24,17,14071573,46500000,4,93000000,0
한선흠,M,19810711,017812,강원 속초시 교동,39,010-1238-1880,2003-02-14,15,412143,103500000,6,207000000,0
상아향,M,19610415,004164,서울 서대문구 홍은동,59,010-3266-4219,2001-12-12,16,94523,23600000,7,47200000,0
나부민옥,F,19520617,023184,경기 시흥시 은행동,68,010-7699-5653,2006-11-06,11,484860,26700000,4,53400000,0
공문비,M,19591004,000792,서울 강동구 암사3동,61,010-2622-6633,2008-03-10,10,5739366,3500000,9,7000000,0
마윤특,M,19860810,020166,경기 고양시 일산1동,34,010-4143-2020,2002-12-04,15,6041026,67300000,4,134600000,0
당재롬,F,19840225,033766,경북 포항시 흥해읍,36,010-6592-9488,2003-03-17,15,16121856,20600000,4,41200000,0
소김서찬,F,19670731,022925,경기 수원시 정자동,53,010-7487-5461,2007-03-23,11,16754547,3300000,9,6600000,0
황보후조,F,19900103,014168,인천 연수구 청학동,30,010-1793-9906,2005-03-26,13,613743,125100000,3,250200000,0
담도융,M,19621124,020142,경기 고양시 설문동,58,010-5872-7191,2003-07-14,14,478374,13500000,8,27000000,0
종알란대연,F,19730407,008015,부산 남구 우암동,47,010-4247-8364,2009-12-17,8,113148,14500000,9,29000000,0
소마나카,M,19420602,040213,전북 남원시 송동면,78,010-4293-2849,2004-03-31,14,103666,24400000,7,48800000,0
소꽃필,M,19460725,013806,인천 부평구 부평동,74,010-1145-8176,2004-07-01,14,9346449,73200000,6,146400000,0
강원규,F,19790521,129256,경남 창원시 상남동,41,010-2113-0271,2002-01-11,16,9423742,38800000,4,77600000,0
아청사,M,19580421,019959,경기 고양시 화전동,62,010-3287-0432,2006-07-29,11,849461569,2600000,4,5200000,0
범주드연호,M,19640504,048589,경기 고양시 설문동,56,010-7283-4662,2009-05-13,9,3661228,255600000,3,511200000,0
배순인,M,20160504,048580,경기 고양시 마두동,4,010-1759-1306,2003-03-19,15,837318,27400000,3,54800000,0
궁토레스,F,19800811,023487,경기 안산시 초지동,40,010-5244-8798,2002-12-23,15,503564,12700000,9,25400000,1700000
낭선림,M,19620409,025122,경기 의정부시 녹양동,58,010-4794-5228,2003-09-01,14,7417779,47800000,3,95600000,0
영패트릭리,F,19620723,048188,인천 연수구 송도동,58,010-1177-9668,2007-04-15,11,11622269,631100000,2,1262200000,0
석복비,F,19520102,024078,경기 안양시 호계동,68,010-5347-0605,2004-01-13,14,704674,74900000,6,149800000,0
방미향,M,19581128,020013,경기 고양시 가좌동,62,010-4529-7270,2005-06-23,13,482693,978300000,2,1956600000,0
학원원,M,19630516,024370,경기 양주시 백석읍,57,010-9640-1517,2002-05-15,16,8180469,10000000,5,20000000,65000000
애복렬,F,19491028,003304,서울 동대문구 장안2동,71,010-8727-3044,2003-09-04,14,125968,12300000,4,24600000,0
대욱미,M,19841105,026432,경기 하남시 덕풍동,36,010-7861-3881,2006-12-17,11,8333118,19300000,7,38600000,0
김누리태양,M,19490222,019877,경기 고양시 성사동,71,010-2091-1868,2002-05-29,16,9771381,40600000,7,81200000,0
마제이진,M,19451006,013256,인천 남구 주안2동,75,010-6999-6032,2008-08-25,9,292757,113400000,6,226800000,0
권순평,M,19540112,006430,서울 은평구 신사동,66,010-5600-2633,2009-02-24,9,414534,21600000,6,43200000,0
남올리민,M,19531006,047698,충북 진천군 진천읍,67,010-8688-9623,2005-03-21,13,24707945,2300000,9,4600000,0
총요훈,M,19550626,039090,전남 함평군 대동면,65,010-6725-7733,2001-08-23,16,100134,44700000,4,89400000,0
계부택,M,19560227,019438,강원 평창군 진부면,64,010-8334-9849,2009-05-11,9,997307,443300000,2,886600000,0
오코코네,F,19530402,021193,경기 김포시 고촌면,67,010-9673-5269,2002-07-06,16,5867721,3000000,6,6000000,0
란유신아,F,19770802,004272,서울 서초구 방배2동,43,010-6072-5329,2003-02-04,15,4960617,388700000,2,777400000,0
추옥형,M,19700113,020163,경기 고양시 일산1동,50,010-6974-7211,2008-03-26,10,356058,272600000,4,545200000,0
변설루,M,19420929,004646,서울 성동구 하왕십리2동,78,010-1473-6516,2006-06-09,12,470608889,6000000,5,12000000,0
자클로이이,F,19650103,001345,서울 강서구 염창동,55,010-6643-5505,2005-08-05,12,3497332,2900000,8,5800000,0
홍곤태,F,19600609,026018,경기 평택시 이충동,60,010-5403-3268,2001-07-30,16,3931378,23400000,5,46800000,0
팽국철,F,19510619,004563,서울 성동구 성수1가2동,69,010-7032-7055,2003-02-14,15,461917,301300000,3,602600000,0
다별환,F,19891207,024131,경기 안양시 석수2동,31,010-9274-4457,2004-06-22,14,310274,34500000,4,69000000,0
시대니엘라,F,19790110,020013,경기 고양시 가좌동,41,010-6130-0418,2005-12-19,12,8052775,354600000,2,709200000,0
서윤재다나,F,19880509,006403,서울 은평구 수색동,32,010-5118-3163,2006-10-17,11,8016766,169000000,4,338000000,0
삼래경,F,19711002,010021,부산 연제구 연산동,49,010-5624-5990,2004-07-04,14,746331,22700000,4,45400000,0
주스핑거비,F,19560630,014804,광주 남구 월산동,64,010-4586-0403,2008-02-10,10,14911131,8600000,7,17200000,0
라린영,M,19650419,013931,인천 부평구 청천동,55,010-1515-0071,2003-08-20,14,2236937,8000000,8,16000000,0
강김준현,M,19681022,001869,서울 관악구 신림본동,52,010-6151-2919,2003-01-08,15,422298,8600000,9,17200000,0
연선진이안,F,19490618,024043,경기 안양시 평촌동,71,010-3719-8373,2004-06-26,14,2345585,15400000,6,30800000,0
후총리,M,19491226,026611,경기 화성시 마도면,71,010-5300-4855,2008-01-13,10,8318280,11400000,9,22800000,0
예계자,F,19550327,026830,경기 가평군 설악면,65,010-9028-5171,2004-12-12,13,2491978,474500000,2,949000000,0
궁영분,F,19771011,042649,제주 제주시 일도2동,43,010-3006-0007,2007-04-17,11,632148077,300900000,3,601800000,0
석문훤,M,19461111,020093,경기 고양시 마두2동,74,010-1929-9013,2006-12-27,11,28678206,12300000,8,24600000,0
증유홍,M,19550305,022187,경기 성남시 분당동,65,010-2510-7009,2008-10-22,9,949526665,14000000,3,28000000,0
천아니스바,M,19700111,020336,경기 고양시 풍동,50,010-4518-2815,2006-09-24,11,278545,28800000,8,57600000,126000000
신세라하은,F,19690120,003669,서울 동작구 상도동,51,010-5422-0527,2003-02-10,15,21580948,10800000,6,21600000,0
마숀토마스,M,19680528,020147,경기 고양시 식사동,52,010-7489-8728,2003-11-14,14,761294,8700000,9,17400000,0
함정십,M,19581216,019866,경기 고양시 성사1동,62,010-8412-1115,2008-01-14,10,8384289,763900000,3,1527800000,0
독고루시아나,M,19630809,013901,인천 부평구 십정2동,57,010-3341-6576,2005-04-17,13,23377394,15400000,5,30800000,0
오린지김,F,19650619,005066,서울 송파구 가락동,55,010-1035-2658,2003-10-05,14,528535,31300000,7,62600000,0
창상양,F,19710605,018557,강원 고성군 거진읍,49,010-9272-0597,2008-11-18,9,2921782,240100000,3,480200000,0
한엘리엇진,M,19500125,020278,경기 고양시 주엽2동,70,010-8593-0431,2007-08-02,10,623908,904200000,2,1808400000,0
학이름,F,19580820,007727,부산 금정구 서3동,62,010-7321-0704,2007-09-10,10,25041881,21300000,4,42600000,0
망절대년,F,19740909,020003,경기 고양시 화정동,46,010-7341-0194,2007-03-14,11,20302297,10000000,8,20000000,0
류노엘다원,M,19450514,025326,경기 의정부시 호원동,75,010-1138-4769,2004-05-10,14,9719118,1500000,10,3000000,0
사공다솜이,F,19740306,020184,경기 고양시 일산2동,46,010-9785-1339,2002-12-04,15,3565781,69100000,3,138200000,0
연아론동주,F,19420623,032801,경북 안동시 예안면,78,010-7540-8940,2005-01-19,13,562557,46400000,3,92800000,0
문범무,F,19780406,021528,경기 고양시 백석2동,42,010-9881-8189,2005-02-17,13,543526,24800000,4,49600000,0
장노바,F,19680109,024270,경기 안양시 안양8동,52,010-7771-2329,2006-05-31,12,118163,707000000,1,1414000000,0
왕화무,F,19801203,019386,강원 평창군 미탄면,40,010-2642-5981,2006-11-28,11,446002,6500000,9,13000000,0
위학예,M,19600502,017849,강원 속초시 청호동,60,010-9334-7698,2006-09-26,11,528908,75100000,6,150200000,0
기건의,M,19590210,002055,서울 광진구 자양동,61,010-9712-6313,2007-03-18,11,762031,21200000,8,42400000,0
경조나단찬,F,19600317,022434,경기 성남시 신흥동,60,010-5394-1860,2002-10-19,15,24742451,40000000,3,80000000,0
백은순,M,19510814,004531,서울 성동구 마장동,69,010-4550-3244,2005-04-10,13,741167,27500000,6,55000000,0
교모현,F,19790404,010690,대구 남구 대명9동,41,010-7264-2491,2010-04-30,8,567512,58600000,6,117200000,0
명인종,M,19860120,013407,인천 남동구 간석2동,34,010-4322-1242,2003-06-17,15,290115,9000000,9,18000000,0
설문권,F,19720129,042849,충남 공주시 반죽동,48,010-1395-2450,2010-02-21,8,8681520,27500000,4,55000000,0
갈배겸,F,19641119,020214,경기 고양시 일산4동,56,010-4449-1321,2008-03-24,10,28188776,59300000,3,118600000,0
사가어,M,19790111,046249,충북 청주시 분평동,41,010-3697-7710,2005-03-15,13,573077,255800000,4,511600000,0
조거솔,M,19510608,004106,서울 서대문구 연희3동,69,010-1050-6250,2007-04-28,11,528257,30400000,8,60800000,0
인건임,F,19560714,034458,경북 영덕군 강구면,64,010-7800-4765,2007-05-16,11,306572403,44300000,3,88600000,0
근도시히로,F,19581209,048591,경기 고양시 성석동,62,010-3547-9230,2004-05-12,14,388156,65100000,6,130200000,0
문두진,M,19490731,018598,강원 고성군 토성면,71,010-3682-5539,2001-06-26,17,7162370,24100000,8,48200000,0
돈별셋,F,19840706,001074,서울 강북구 수유1동,36,010-1597-8609,2006-04-26,12,350644,80300000,3,160600000,0
등정뉴마,F,19470905,025028,경기 의왕시 오전동,73,010-3598-8350,2005-04-25,13,406799,842700000,1,1685400000,0
뢰리의,F,19640903,027735,경남 김해시 화목동,56,010-7197-6530,2006-10-19,11,25322841,71700000,3,143400000,0
류히은,F,19510728,025346,경기 안산시 이동,69,010-1908-9537,2009-10-26,8,4462984,110900000,3,221800000,0
내시엘,M,19490917,014039,인천 서구 신현동,71,010-8561-0582,2001-08-24,16,100928,18600000,4,37200000,0
성양문,F,19490930,021103,경기 김포시 감정동,71,010-6499-7517,2005-05-05,13,23873121,12200000,6,24400000,0
엄항선,M,19470110,020093,경기 고양시 마두2동,73,010-6566-2765,2005-11-24,12,267944305,31600000,3,63200000,0
도백보,F,19840530,021758,경기 부천시 괴안동,36,010-7589-0665,2004-03-18,14,162762,180000000,3,360000000,0
묵감모,F,19590827,041696,전북 부안군 변산면,61,010-6493-6268,2005-12-05,12,23393720,9100000,8,18200000,0
사공조나스,F,19730110,014051,인천 서구 심곡동,47,010-4663-1486,2003-07-21,14,346235,355800000,2,711600000,0
미조영연,F,19751225,048580,경기 고양시 마두동,45,010-2443-1719,2001-06-12,17,488732,31500000,5,63000000,0
란진걸,F,19560227,048584,경기 고양시 장항동,64,010-4203-0563,2004-01-24,14,705658,634100000,2,1268200000,0
인권행,F,19741117,029687,경남 고성군 고성읍,46,010-7224-0644,2008-02-27,10,3984405,71500000,3,143000000,0
표최현우,M,19660211,024439,경기 양주시 장흥면,54,010-2696-5421,2005-04-11,13,117950264,69300000,5,138600000,0
전다음,F,19800109,019859,경기 고양시 삼송동,40,010-5655-5288,2006-05-11,12,9198560,382500000,3,765000000,0
제영루나,M,19530227,036776,전남 여수시 봉계동,67,010-8218-4940,2003-07-14,14,311199,43000000,3,86000000,0
궁찬경,F,19411111,020422,경기 광명시 광명3동,79,010-4244-9892,2004-10-07,13,5084893,256900000,4,513800000,0
아광뤼,M,19970126,019877,경기 고양시 성사동,23,010-7398-3851,2003-03-13,15,422135357,1400000,4,2800000,0
주라이토,M,19750820,027433,경남 거제시 옥포2동,45,010-8752-2947,2005-09-12,12,532814,11400000,7,22800000,0
소릴루지아,F,19520106,020214,경기 고양시 일산4동,68,010-2552-7298,2004-04-26,14,488606,62800000,3,125600000,0
시예듬,M,19491224,001074,서울 강북구 수유1동,71,010-9678-9792,2001-05-22,17,13623367,1100000,8,2200000,0
관광욱,F,19561023,032873,경북 영주시 가흥1동,64,010-4332-1373,2004-04-08,14,14588196,3100000,6,6200000,0
유도백,M,19610129,048584,경기 고양시 장항동,59,010-2308-4402,2008-02-16,10,3028170,4500000,9,9000000,0
동근담,F,19410411,016813,울산 동구 전하3동,79,010-4175-8358,2002-11-14,15,7788799,27800000,5,55600000,0
서문수피차,F,19420715,044424,충남 금산군 추부면,78,010-4286-5312,2004-12-06,13,1679274,73400000,4,146800000,0
감황예성,M,19490329,047760,충북 진천군 이월면,71,010-8569-0699,2004-07-26,13,277499,42800000,7,85600000,0
권현예,M,20120507,020326,경기 고양시 탄현동,8,010-8199-7226,2002-06-27,16,691377,4600000,6,9200000,0
송호채,M,19580713,020587,경기 광명시 철산동,62,010-8561-5842,2007-03-17,11,903123,13000000,9,26000000,0
편두송,M,19641227,044004,충남 천안시 성정2동,56,010-2197-1327,2004-02-16,14,551425,2800000,8,5600000,0
교운태양,F,19481211,006075,서울 용산구 이촌1동,72,010-4857-2543,2010-09-26,7,590697,18100000,4,36200000,0
서조단현준,M,19490126,005603,서울 영등포구 당산동5가,71,010-6908-2829,2011-10-26,6,82485,7500000,7,15000000,0
위창업,F,19351231,019913,경기 고양시 토당동,85,010-9301-5767,2006-07-09,12,914357,29100000,4,58200000,0
권스즈,F,19801111,019850,경기 고양시 덕은동,40,010-1906-9795,2003-09-02,14,838139,1300000,7,2600000,0
동방환필,M,19690321,010699,대구 남구 대명9동,51,010-5315-3140,2007-03-26,11,6542911,14500000,7,29000000,0
림은필,F,19751007,011595,대구 북구 고성동1가,45,010-8935-6123,2001-07-04,17,174925,72100000,3,144200000,6300000
려로수,F,19480505,002456,서울 금천구 시흥4동,72,010-4516-7418,2001-07-12,16,283558,46200000,3,92400000,0
용순해,M,19820220,026048,경기 평택시 평택동,38,010-8864-1772,2004-01-30,14,885665,748700000,2,1497400000,0
유리키시우,M,19960615,027468,경남 거제시 신현읍,24,010-8345-4080,2002-05-23,16,46581,3400000,9,6800000,0
문홍음,M,19820310,021704,경기 동두천시 생연2동,38,010-8624-3598,2002-08-22,15,346059,741200000,3,1482400000,0
화유간,M,19511214,005882,서울 영등포구 여의도동,69,010-9813-7257,2004-08-10,13,116826,1100000,10,2200000,0
박앤드류준,F,19540405,005600,서울 영등포구 당산동4가,66,010-4322-1024,2009-05-06,9,560906,4300000,6,8600000,0
부레나마리,F,19731219,001148,서울 강북구 수유동,47,010-1772-7577,2008-03-10,10,5267433,20200000,4,40400000,0
삼준진,M,19470613,006430,서울 은평구 신사동,73,010-5728-8402,2008-06-02,10,880490,18900000,8,37800000,0
빙봄내,M,19541001,022601,경기 수원시 곡반정동,66,010-4467-1436,2004-08-24,13,7582197,15900000,8,31800000,0
옥드미트리,F,19800308,006917,서울 중구 신당2동,40,010-5623-1053,2005-07-27,12,7144546,76900000,3,153800000,0
어니흔,F,19531117,048478,경기 고양시 일산1동,67,010-2055-1705,2003-11-13,14,884829,382000000,2,764000000,8400000
삼묵한,F,19820112,031912,경북 김천시 신음동,38,010-4802-8258,2005-08-18,12,189557,72400000,3,144800000,0
한예향,F,19820205,004734,서울 성북구 돈암동,38,010-9814-9997,2003-01-22,15,7787730,56100000,3,112200000,0
삼주욱,M,19680120,025700,경기 파주시 교하읍,52,010-1398-6146,2008-09-21,9,24656460,17100000,8,34200000,0
육테일러이,F,19840902,006590,서울 종로구 명륜동4가,36,010-3306-9323,2007-12-20,10,944798,33200000,7,66400000,0
후한빈,M,19850216,036296,전남 목포시 하당동,35,010-5274-6407,2003-06-28,15,21748006,3900000,9,7800000,0
신매튜민병,F,19540519,003709,서울 동작구 흑석2동,66,010-6068-8332,2007-01-23,11,6092177,6500000,9,13000000,0
탕지닌,M,19500101,034686,경북 예천군 예천읍,70,010-5785-8825,2004-07-20,13,9656830,10800000,8,21600000,0
다지허,F,19640517,020010,경기 고양시 가좌동,56,010-6188-9761,2003-06-30,15,9501576,46000000,3,92000000,0
안셀린수,M,19771028,013277,인천 남구 주안5동,43,010-5365-7619,2002-11-05,15,7268522,48900000,5,97800000,0
변위황,F,19830403,014282,인천 강화군 강화읍,37,010-5470-7906,2002-07-29,15,107495,1400000,7,2800000,0
남궁율리안나,F,19530513,020278,경기 고양시 주엽2동,67,010-1553-8878,2006-05-25,12,387894,4800000,8,9600000,0
권에릭한승,M,19711031,020694,경기 광주시 실촌읍,49,010-9728-3124,2002-05-27,16,474991,953700000,3,1907400000,0
시바우저우,F,19631006,020218,경기 고양시 일산4동,57,010-3750-1791,2003-09-21,14,993608,28800000,6,57600000,0
번의장,F,19500514,026590,경기 화성시 동탄면,70,010-6402-9588,2002-07-16,15,2828647,730000000,3,1460000000,0
독하온유,M,19441001,046923,충남 천안시 두정동,76,010-6031-9064,2007-07-22,10,802129,19600000,7,39200000,0
복타니앰,F,19721230,004715,서울 성북구 길음동,48,010-1940-9410,2004-03-04,14,541948,26300000,5,52600000,0
라뭇별,F,19570626,025208,경기 의정부시 신곡2동,63,010-4623-5682,2006-07-19,11,6857793,524400000,1,1048800000,0
곽민관,F,19641231,048607,경기 고양시 마두2동 ,56,010-3568-2718,2006-11-16,11,1544141,476500000,2,953000000,0
용장목,F,19590703,025727,경기 파주시 문산읍,61,010-6052-8107,2006-06-27,12,20695451,6700000,5,13400000,0
온선풍,F,19630412,024336,경기 양주시 삼숭동,57,010-3475-0089,2004-06-14,14,1683588,59100000,4,118200000,0
국교울,F,19740711,006257,서울 용산구 후암동,46,010-4512-3768,2004-01-07,14,904398,13600000,5,27200000,0
설다나윤서,F,19360209,026432,경기 하남시 덕풍동,84,010-6861-2468,2008-05-12,10,644303,81100000,5,162200000,0
묵손정,M,19580718,039402,전남 화순군 화순읍,62,010-2234-1139,2004-09-06,13,357535,4200000,9,8400000,0
무이현성,F,19570519,026007,경기 평택시 신장동,63,010-8977-0320,2008-02-24,10,444408,27900000,4,55800000,0
간림걸,F,19600709,000834,서울 강동구 천호1동,60,010-5159-1186,2007-05-07,11,3653415,72800000,6,145600000,136200000
나나송,F,19601205,044584,충남 당진군 신평면,60,010-4285-5309,2002-07-18,15,536680,557200000,1,1114400000,0
풍건지,F,19531128,021222,경기 김포시 양촌면,67,010-4654-2116,2003-01-15,15,950096,15700000,7,31400000,0
묘해솔아,M,19480621,022310,경기 성남시 이매동,72,010-7606-8394,2003-07-11,14,5897976,153100000,3,306200000,0
란혜람,F,19881007,004329,서울 서초구 서초1동,32,010-8733-4441,2006-12-24,11,675473,21200000,8,42400000,0
정황경,M,19701102,014018,인천 서구 석남1동,50,010-2317-7968,2007-04-22,11,13393448,37600000,7,75200000,0
영용환,F,19440110,008255,부산 동구 초량2동,76,010-8536-9225,2005-06-28,13,594837,3100000,6,6200000,0
강생민,M,19550809,041179,전북 정읍시 수성동,65,010-9029-9082,2003-04-24,15,5341959,76100000,4,152200000,0
고주마나,M,19731109,013107,인천 계양구 효성2동,47,010-2277-6827,2002-03-17,16,226484,16400000,8,32800000,0
채아델,M,19390719,013169,인천 남구 숭의2동,81,010-7199-7897,2005-09-27,12,2400961,15200000,9,30400000,0
요후형,F,20100605,048583,경기 고양시 백석동,10,010-3456-1192,2006-05-09,12,660067,8800000,8,17600000,0
나시용,F,19551205,044005,충남 천안시 성정동,65,010-6803-1710,2002-12-09,15,10983123,33400000,4,66800000,0
낭묘화,M,19630609,016270,대전 유성구 장대동,57,010-3259-2436,2003-08-28,14,638234,35400000,6,70800000,0
초일레인현,F,19480907,004443,서울 서초구 양재2동,72,010-8120-4777,2003-04-11,15,300643,2100000,9,4200000,0
화조나리안,F,19420725,014850,광주 남구 진월동,78,010-3530-6500,2007-09-04,10,1335771,40700000,7,81400000,0
추해나정서,F,19660126,020204,경기 고양시 일산3동,54,010-1979-3974,2003-04-10,15,9545074,248800000,2,497600000,0
미로윤,F,19710107,020321,경기 고양시 탄현동,49,010-6568-3285,2004-08-26,13,606837,66100000,3,132200000,0
고성세,M,19660905,019129,강원 정선군 정선읍,54,010-1997-6759,2009-07-06,9,117204,847800000,3,1695600000,0
승지률,M,19781119,022574,경기 성남시 중동,42,010-1554-0510,2011-11-09,6,9218369,3100000,9,6200000,0
간벨라가온,M,19491111,007004,서울 중구 을지로6가,71,010-9257-4317,2006-01-17,12,3812432,2400000,10,4800000,0
목제이든림,M,19660717,020326,경기 고양시 탄현동,54,010-4423-8972,2004-09-01,13,5791623,241500000,3,483000000,0
임간어,M,19530130,005504,서울 양천구 신월7동,67,010-2910-9621,2009-08-30,8,601020,7400000,4,14800000,0
려컬크,F,19370408,016079,대전 서구 둔산동,83,010-1114-6559,2005-11-24,12,149680,17700000,4,35400000,0
노지공,M,19630323,016270,대전 유성구 장대동,57,010-5424-5358,2012-09-04,5,964722,35600000,4,71200000,0
경도니아,M,19510420,013169,인천 남구 숭의2동,69,010-6447-6117,2005-02-28,13,970408,24100000,7,48200000,0
문석문,F,19760206,021955,경기 부천시 상2동,44,010-2400-8837,2004-12-05,13,863985,507300000,1,1014600000,0
송어멘다,F,19770615,005486,서울 양천구 신월4동,43,010-6518-7180,2010-01-05,8,681099,2900000,10,5800000,0
배호흡,F,19561120,013294,인천 남구 주안6동,64,010-5300-4696,2004-06-14,14,443212,2600000,9,5200000,0
다캐런희진,M,19540517,006698,서울 종로구 원남동,66,010-7770-8327,2003-07-07,15,271064,155500000,4,311000000,0
임코타로,F,19750113,005914,서울 영등포구 영등포동8가,45,010-6218-8319,2005-03-29,13,2527980,348000000,2,696000000,0
탄새헌,F,19881116,028733,경남 진주시 상대2동,32,010-5486-2430,2004-01-26,14,19857323,84100000,3,168200000,0
곽다할라,F,19390828,003482,서울 동작구 대방동,81,010-1259-3400,2005-03-16,13,5443251,17700000,6,35400000,1000000
마궉남,F,19610104,019877,경기 고양시 성사동,59,010-9957-3041,2001-08-22,16,849894,24600000,4,49200000,0
총건인,M,19650403,020820,경기 구리시 교문동,55,010-5455-4251,2001-10-15,16,23838013,506300000,3,1012600000,0
내은날,M,19720127,014006,인천 서구 대곡동,48,010-2482-4408,2004-07-03,14,947083486,509600000,2,1019200000,0
설세레나킴,M,19600803,005066,서울 송파구 가락동,60,010-3821-0444,2007-02-13,11,848681,501700000,2,1003400000,0
곽황비엑,F,19720522,022449,경기 성남시 태평1동,48,010-9727-8360,2003-05-15,15,3073817,87500000,3,175000000,0
강엠마나리,M,19740329,020204,경기 고양시 일산3동,46,010-6978-4483,2003-02-25,15,9472544,1200000,8,2400000,0
함권희,F,19510926,000785,서울 강동구 암사2동,69,010-1938-0925,2003-02-10,15,985147,7700000,6,15400000,0
삼다지미,F,19681228,000371,서울 강남구 압구정동,52,010-8103-6836,2002-09-09,15,663379,12700000,5,25400000,0
필군여,F,19410703,038490,전남 완도군 고금면,79,010-7480-0254,2004-11-28,13,4289254,30900000,4,61800000,0
원우돈,M,19410529,002526,서울 노원구 공릉3동,79,010-9346-4865,2003-07-15,14,1766783,26400000,5,52800000,0
유비리,M,19760524,002931,서울 도봉구 도봉동,44,010-9984-4668,2004-05-10,14,973630,707500000,2,1415000000,0
허희교,F,19700905,021865,경기 부천시 고강1동,50,010-8100-8201,2004-07-05,14,10628504,55400000,4,110800000,0
호시아재이,F,19560216,005309,서울 송파구 잠실동,64,010-8736-5925,2002-08-01,15,599497,587200000,1,1174400000,0
육모나미,M,19480321,004594,서울 성동구 송정동,72,010-3293-2766,2004-05-02,14,287860,12600000,7,25200000,0
교윤슬하,M,19650512,027518,경남 거제시 둔덕면,55,010-6694-4872,2001-07-23,16,492013,2600000,9,5200000,0
시다함,M,19530228,003653,서울 동작구 상도4동,67,010-5091-3336,2006-01-26,12,11466002,101000000,6,202000000,0
삼봉국,M,19840226,006425,서울 은평구 신사2동,36,010-9760-5220,2004-06-16,14,443106,587000000,3,1174000000,0
뢰이샤나,F,19470217,003865,서울 마포구 성산1동,73,010-3010-7052,2006-10-29,11,814312,4100000,9,8200000,0
단예유,M,19620304,006893,서울 은평구 진관동,58,010-3669-4929,2008-08-03,9,555881,40500000,7,81000000,0
당택성,F,19440523,021222,경기 김포시 양촌면,76,010-2472-0317,2005-10-27,12,134545,7900000,6,15800000,0
형로영,F,19570601,018180,강원 춘천시 석사동,63,010-4333-1024,2008-01-17,10,18663160,12600000,8,25200000,0
무본건여,F,19660402,013806,인천 부평구 부평동,54,010-5898-2956,2006-04-05,12,487011833,410200000,3,820400000,0
삼령구,M,19600226,026908,경기 양평군 양평읍,60,010-2225-7408,2007-01-08,11,679122,21400000,8,42800000,0
용휘찬,M,19560113,033418,경북 포항시 대도동,64,010-3684-3941,2012-02-21,6,436050,6800000,7,13600000,0
매엔죠제,M,19830114,003934,서울 마포구 연남동,37,010-6876-0627,2005-08-25,12,846858,12000000,5,24000000,0
증서역,F,19550425,030892,경남 합천군 초계면,65,010-9698-2064,2002-12-12,15,91340,1800000,8,3600000,0
하남강,F,19670527,002188,서울 구로구 고척동,53,010-2854-4285,2002-02-18,16,682830317,80600000,2,161200000,0
낭나엘딜런,M,19750820,027433,경남 거제시 옥포2동,45,010-8752-2947,2005-09-12,12,532814,11400000,7,22800000,0
선로라주은,M,19370530,019877,경기 고양시 성사동,83,010-2326-2826,2005-03-17,13,6610940,672300000,3,1344600000,0
금태실,F,19510707,028828,경남 진주시 칠암동,69,010-7356-1148,2005-05-09,13,443832,7000000,6,14000000,0
감유청,F,19651006,006304,서울 은평구 구산동,55,010-5198-9482,2002-01-21,16,24946699,4500000,5,9000000,0
여명곤,M,19590602,003319,서울 동대문구 장안동,61,010-3931-3613,2004-03-12,14,338392,27900000,8,55800000,0
경체상,F,19560707,048439,경기 고양시 풍동,64,010-3218-0486,2010-01-22,8,4569036,390800000,4,781600000,0
돈낙형,M,19731121,020013,경기 고양시 가좌동,47,010-4067-3561,2004-11-03,13,13917861,7700000,8,15400000,0
종설은,F,19740827,006302,서울 은평구 갈현동,46,010-8302-6658,2007-01-10,11,424244,17400000,4,34800000,187600000
다신애,F,19510325,024317,경기 양주시 덕정동,69,010-9883-2234,2003-01-16,15,11692334,6900000,7,13800000,0
마박정후,M,19441230,022527,경기 성남시 상대원1동,76,010-8402-5514,2004-11-29,13,991966,932000000,2,1864000000,0
부새인,M,19450928,004400,서울 서초구 서초4동,75,010-7211-9054,2012-11-06,5,11177609,32800000,4,65600000,0
현너나,M,19710107,013176,인천 남구 숭의3동,49,010-7566-9177,2002-04-15,16,5519851,117100000,3,234200000,0
민예일린,F,19500421,020184,경기 고양시 일산2동,70,010-4049-9301,2004-01-14,14,2947120,346400000,1,692800000,2600000
풍오참,F,19801111,017675,강원 삼척시 도계읍,40,010-1787-2495,2009-02-10,9,114195,7300000,6,14600000,0
마케노라민,F,19751206,003862,서울 마포구 서교동,45,010-4242-2608,2006-08-30,11,278732,2300000,10,4600000,0
낭라밈,M,19690531,007246,서울 중랑구 망우동,51,010-7527-5072,2004-05-21,14,703870,12500000,8,25000000,0
섭창공,F,19710806,025735,경기 파주시 문산읍,49,010-3491-4803,2008-09-10,9,124309,153800000,4,307600000,0
제갈립주,M,20060418,023625,경기 안성시 금석동,14,010-2478-9784,2007-04-08,11,28815961,13200000,7,26400000,0
예아디야최,F,19580607,025628,경기 파주시 금촌2동,62,010-9610-0259,2001-09-12,16,514127,1500000,7,3000000,0
학장진,F,19830129,020326,경기 고양시 탄현동,37,010-4762-7320,2008-12-26,9,349594,2500000,10,5000000,0
민표이,M,19860911,015647,광주 서구 화정동,34,010-4617-8220,2004-04-20,14,28577,882600000,1,1765200000,0
봉매리앤,M,19551112,002787,서울 노원구 중계1동,65,010-9053-5904,2002-10-04,15,125818,845600000,2,1691200000,0
권완,M,19830312,000214,서울 강남구 도곡1동,37,010-4762-1269,2003-11-04,14,312473,41400000,7,82800000,0
매풍수,M,19401119,045226,충남 예산군 예산읍,80,010-5964-6952,2006-02-10,12,76722,42800000,7,85600000,0
예일붕,M,19650513,004401,서울 서초구 서초동,55,010-5579-8860,2010-01-10,8,137003,380500000,3,761000000,0
종섬겨라,M,19700305,006975,서울 중구 오장동,50,010-1480-8254,2004-08-05,13,28640798,6600000,6,13200000,0
전아야네,F,19761209,005066,서울 송파구 가락동,44,010-3507-7444,2005-05-09,13,69693,2100000,10,4200000,0
뇌맑은샘,M,19481012,013574,인천 남동구 만수동,72,010-1454-0994,2008-05-20,10,802498,5000000,9,10000000,0
담미꼬,M,19850305,011318,대구 동구 불로동,35,010-7502-9059,2011-12-11,6,120675,52300000,4,104600000,0
점빈제이든,F,19500502,025690,경기 파주시 교하읍,70,010-3356-5882,2012-06-17,6,5317350,60000000,3,120000000,0
진덕녕,M,19640420,042775,제주 북제주군 한림읍,56,010-2644-2241,2002-09-12,15,582757,3400000,8,6800000,0
전이훙,F,19371004,020578,경기 광명시 철산4동,83,010-6020-9166,2003-04-16,15,9739085,901600000,1,1803200000,0
독겸이,M,19500526,013210,인천 남구 용현3동,70,010-4023-1271,2007-10-11,10,580374515,3700000,4,7400000,0
기새마루,M,19671103,001266,서울 강서구 등촌3동,53,010-5091-3944,2006-11-21,11,120894,22400000,8,44800000,0
려고니,F,19511007,016927,울산 중구 동동,69,010-9278-1582,2001-12-31,16,778513,35800000,4,71600000,0
수애니윤애,M,19580722,020184,경기 고양시 일산2동,62,010-9200-0629,2004-12-02,13,804830,454800000,2,909600000,169800000
곽태흔,M,19530623,046924,충북 보은군 보은읍,67,010-1489-1884,2007-06-11,11,934137,67000000,4,134000000,0
나복양,F,19810705,015833,대전 동구 삼성2동,39,010-6749-5321,2002-10-24,15,277854,178800000,2,357600000,0
제갈규백,F,19580816,022657,경기 수원시 권선동,62,010-6761-8867,2007-02-09,11,886526,1900000,7,3800000,0
부춘아,M,19770508,028848,경남 진주시 평거동,43,010-4024-7525,2007-11-19,10,8852747,21800000,7,43600000,0
목도예,F,19761005,006345,서울 은평구 대조동,44,010-7733-8845,2001-06-20,17,511348,257000000,3,514000000,0
매중걸,M,19550620,014041,인천 서구 신현동,65,010-1109-2453,2003-12-21,14,5520373,769500000,3,1539000000,0
초태황숙,M,19760409,025964,경기 평택시 비전2동,44,010-6933-2843,2007-04-25,11,670027,12300000,7,24600000,0
온보고,M,19601108,004401,서울 서초구 서초동,60,010-5362-0673,2009-12-03,8,447872,24800000,4,49600000,0
지취후,M,19630505,042473,제주 제주시 노형동,57,010-7233-5667,2002-09-09,15,301127,2200000,9,4400000,3600000
무라이링,F,19690821,042402,제주 서귀포시 동홍동,51,010-5168-1345,2006-09-24,11,206865,5900000,6,11800000,0
석니로산,M,19580705,005471,서울 양천구 신월2동,62,010-5667-3624,2010-05-23,8,56049,68000000,6,136000000,0
삼아이얀나,M,19470829,000193,서울 강남구 대치동,73,010-8422-9871,2006-01-02,12,440352,40400000,7,80800000,0
봉에일사,F,19700806,043330,충남 보령시 명천동,50,010-2279-9556,2005-08-29,12,982313,48400000,3,96800000,0
묘흑비,F,19760221,021777,경기 부천시 소사본2동,44,010-1804-8749,2005-05-05,13,759632,23900000,4,47800000,0
두은햇살,M,19800114,022925,경기 수원시 정자동,40,010-9126-5932,2005-09-22,12,293828,250900000,4,501800000,9200000
현넛타인,M,19560629,024439,경기 양주시 장흥면,64,010-5108-3925,2004-09-16,13,5831329,1900000,10,3800000,0
근레아누리,F,19590130,010634,대구 남구 대명3동,61,010-2316-2071,2001-06-18,17,936779,10500000,5,21000000,0
최성해윤,M,19441001,046923,충남 천안시 두정동,76,010-6031-9064,2007-07-22,10,802129,19600000,7,39200000,0
초향조,F,19601011,005066,서울 송파구 가락동,60,010-6445-3230,2001-11-22,16,9427712,71900000,3,143800000,0
음하빕,F,19390820,028587,경남 양산시 명곡동,81,010-8630-5667,2003-10-07,14,130187,19300000,4,38600000,0
박여강,M,19440427,014016,인천 서구 불로동,76,010-3430-8128,2006-05-09,12,7814052,2000000,8,4000000,0
시도억,M,19521027,020152,경기 고양시 식사동,68,010-8542-1125,2002-09-02,15,26040444,38400000,4,76800000,0
김즈위안,M,19890305,048159,경기 고양시 일산2동,31,010-2481-4685,2006-09-18,11,25333659,351800000,3,703600000,0
차이른비,F,19491114,017600,강원 동해시 효가동,71,010-1915-1591,2002-07-27,15,29185879,13600000,3,27200000,0
산문지,F,19550511,020292,경기 고양시 주엽2동,65,010-9279-0012,2005-06-15,13,8057789,10200000,5,20400000,0
려사상,M,19511004,004637,서울 성동구 응봉동,69,010-2737-3160,2005-07-06,13,4531220,3500000,7,7000000,0
하하나리,F,19690429,025664,경기 파주시 교하읍,51,010-4042-6470,2003-11-24,14,1371672,42900000,3,85800000,0
탄향진,F,19630819,004715,서울 성북구 길음동,57,010-7956-5002,2005-07-27,12,5051694,116000000,3,232000000,0
보이정호,M,19490506,000949,서울 강북구 미아3동,71,010-1447-6176,2002-11-30,15,88385,28400000,8,56800000,0
난젬마희망,F,19600602,002462,서울 금천구 시흥5동,60,010-9551-1228,2008-03-10,10,1370133,124800000,5,249600000,0
지알레그라,F,20160520,046098,충북 청주시 영운동,4,010-9784-7448,2004-05-17,14,6445419,36400000,4,72800000,0
사사혜자,F,19590511,019859,경기 고양시 삼송동,61,010-6992-2736,2007-04-15,11,364007,44900000,6,89800000,0
라하상,M,19680422,020329,경기 고양시 풍동,52,010-9435-9678,2005-11-20,12,3891276,63300000,7,126600000,0
목루시앙,F,19490106,026057,경기 평택시 합정동,71,010-5252-4188,2005-11-01,12,455328,254900000,4,509800000,0
정지윤찬,M,19670430,036718,전남 여수시 국동,53,010-9715-8306,2002-07-03,16,26081061,114700000,5,229400000,0
우니콜한라,F,19600103,009218,부산 사상구 학장동,60,010-9610-3733,2004-05-10,14,375777,12700000,5,25400000,0
려승운,M,19770204,023526,경기 안산시 본오3동,43,010-4001-7086,2005-05-11,13,869075,1900000,9,3800000,0
산이건,M,19621126,030441,경남 하동군 화개면,58,010-7115-6302,2007-09-28,10,267415,62700000,3,125400000,0
만찬운,F,19501008,020329,경기 고양시 풍동,70,010-2876-5035,2006-06-20,12,5891405,29200000,4,58400000,102700000
팽이하,F,19810119,022940,경기 수원시 조원동,39,010-6668-4631,2005-10-05,12,212771562,17800000,6,35600000,0
고김우현,M,19520508,043871,충남 아산시 신창면,68,010-5192-9198,2003-06-26,15,156268,19600000,8,39200000,2000000
문아라제인,M,19450222,024455,경기 오산시 궐동,75,010-4044-1341,2004-09-07,13,741782,8900000,9,17800000,0
자세이기,F,19661230,048580,경기 고양시 마두동,54,010-4320-4301,2003-03-25,15,120120,65200000,4,130400000,0
안알렉스리,F,19690429,020218,경기 고양시 일산4동,51,010-6843-5807,2002-01-14,16,206554,435900000,2,871800000,0
진일다르,M,19570409,001327,서울 강서구 방화동,63,010-3179-2306,2004-07-09,13,329707,1500000,8,3000000,0
은시애나,F,19430213,020996,경기 군포시 당동,77,010-4172-2317,2005-04-17,13,15458659,67300000,3,134600000,0
견담유,F,19560606,014256,인천 중구 항동7가,64,010-1430-1431,2005-03-31,13,928017,212600000,2,425200000,0
음영수아더,M,19840127,025175,경기 의정부시 신곡1동,36,010-7976-0595,2004-03-08,14,20653336,2400000,7,4800000,0
포재안,M,19480531,022079,경기 부천시 중2동,72,010-1774-0100,2012-07-25,5,882892,22100000,6,44200000,0
서문흔운,M,19341109,048580,경기 고양시 마두동,86,010-3614-6693,2005-06-09,13,12798,67000000,6,134000000,0
명밴자민,M,19690430,041257,전북 정읍시 북면,51,010-4980-7315,2002-02-18,16,890072,15100000,4,30200000,0
기율마,M,19460927,006934,서울 중구 신당4동,74,010-3036-5254,2003-05-25,15,938541,315100000,4,630200000,0
임옥헌,F,19361130,000802,서울 강동구 암사3동,84,010-2685-8803,2009-05-08,9,180073,204400000,4,408800000,0
목빈다혜,F,19860322,001446,서울 강서구 화곡8동,34,010-4701-3055,2009-07-23,8,492889,33300000,7,66600000,0
육새라한,F,19681205,005740,서울 영등포구 신길동,52,010-1650-9832,2003-06-04,15,2574317,752400000,2,1504800000,0
란반니,M,19460512,020344,경기 과천시 과천동,74,010-1004-9721,2008-01-07,10,8558596,24200000,8,48400000,0
산우천,M,19541015,000371,서울 강남구 압구정동,66,010-1513-6010,2007-10-12,10,732746,23600000,8,47200000,2200000
독고카애대,M,19790225,005739,서울 영등포구 신길7동,41,010-8620-2811,2005-11-19,12,9518385,11700000,9,23400000,0
견운경,M,19690221,046502,충북 충주시 노은면,51,010-2518-7923,2007-03-31,11,20532213,38400000,7,76800000,2800000
두산아,F,19650722,009726,부산 수영구 민락동,55,010-1033-9827,2005-01-31,13,195825,3400000,7,6800000,0
라태순,F,19641001,043225,충남 논산시 상월면,56,010-8978-6070,2006-03-02,12,5095670,24900000,7,49800000,0
진도융,F,19630821,019859,경기 고양시 삼송동,57,010-9888-5088,2004-01-06,14,441946,1100000,7,2200000,0
서문가이나,F,19730113,041946,전북 완주군 삼례읍,47,010-6849-9331,2005-06-07,13,631977,2700000,7,5400000,0
묵조단민성,M,19470708,025276,경기 의정부시 장암동,73,010-5447-7403,2009-06-01,9,534057329,17200000,3,34400000,0
총차보라,F,19570725,021124,경기 김포시 북변동,63,010-2279-9382,2002-07-26,15,350062,555400000,1,1110800000,0
금환승,M,19580101,014005,인천 서구 당하동,62,010-5046-3583,2004-12-08,13,10135868,16600000,6,33200000,0
두보라챠트,F,19481204,048580,경기 고양시 마두동,72,010-3673-5558,2003-02-11,15,946803,4800000,9,9600000,0
손다교,F,19820826,021103,경기 김포시 감정동,38,010-5964-0636,2003-04-01,15,911903,12400000,5,24800000,0
유빈꽝,M,19610304,014284,인천 강화군 강화읍,59,010-4384-1978,2008-12-14,9,901387,5500000,9,11000000,0
위조셉태웅,M,19441119,021161,경기 김포시 풍무동,76,010-4159-8504,2006-12-12,11,482953,21100000,8,42200000,0
배지범미,M,19730104,005066,서울 송파구 가락동,47,010-1242-1454,2006-03-20,12,336142,85400000,5,170800000,0
고호윤,F,19740407,024290,경기 안양시 안양9동,46,010-2564-5024,2002-10-04,15,26958866,725700000,3,1451400000,0
빈귀칙,M,19880330,018262,강원 춘천시 효자2동,32,010-3476-5939,2007-08-17,10,4054709,738200000,1,1476400000,0
류죠앤예림,F,19451021,026048,경기 평택시 평택동,75,010-5340-9284,2005-01-10,13,6384480,8900000,5,17800000,0
종히나미,M,19670628,023576,경기 안산시 사2동,53,010-1328-9090,2004-03-10,14,3413716,21700000,7,43400000,0
심황재,M,19591212,025388,경기 이천시 창전동,61,010-7920-2902,2005-02-01,13,2908515,75500000,4,151000000,0
채우필,F,19630625,129251,경남 창원시 상남동,57,010-2624-2480,2003-01-08,15,412763,834500000,2,1669000000,0
빙혁일,M,19810206,009819,부산 연제구 거제4동,39,010-5696-7046,2009-04-27,9,909931691,16200000,4,32400000,0
수발해,F,19691208,021365,경기 남양주시 호평동,51,010-2818-4787,2008-08-03,9,655574360,111800000,2,223600000,0
초령실,M,19370105,017848,강원 속초시 청학동,83,010-4169-3528,2008-01-30,10,489647,18300000,6,36600000,0
사공공례,M,19480207,033140,경북 영주시 풍기읍,72,010-8158-4384,2007-02-06,11,560052,937400000,2,1874800000,0
견혜르,M,19490804,048189,경기 용인시 마북동,71,010-1227-8062,2002-04-24,16,937616,34600000,7,69200000,0
좌약은,F,19430919,020030,경기 고양시 대화동,77,010-9827-8151,2004-12-19,13,222159,20500000,4,41000000,0
장무힌예단,F,19691125,029908,경남 산청군 산청읍,51,010-5706-1473,2005-05-05,13,433525,3600000,7,7200000,0
정상생,M,19760212,039954,전북 김제시 금산면,44,010-6970-6350,2005-01-23,13,320299,17900000,6,35800000,0
림력두,F,19590511,019859,경기 고양시 삼송동,61,010-6992-2736,2007-04-15,11,364007,44900000,6,89800000,0
총소휘,F,19880520,048583,경기 고양시 백석동,32,010-5255-5116,2008-04-16,10,3128929,115800000,3,231600000,0
비귀재,F,19730208,001446,서울 강서구 화곡8동,47,010-3571-2600,2005-06-27,13,209232,9800000,5,19600000,0
구강연,M,19660329,012726,대구 중구 문화동,54,010-8984-7710,2005-08-24,12,69086,28600000,3,57200000,0
후생헌,F,20010708,014162,인천 연수구 청학동,19,010-6026-1525,2003-09-30,14,362299,22400000,4,44800000,0
림재켄드릭,F,19631124,025664,경기 파주시 교하읍,57,010-8183-1810,2006-07-12,11,711313,45300000,6,90600000,0
상새로핌,F,19710107,020321,경기 고양시 탄현동,49,010-6568-3285,2004-08-26,13,606837,66100000,3,132200000,0
민홍상,F,19780626,001075,서울 강북구 수유2동,42,010-6611-5584,2008-01-13,10,467269,315900000,4,631800000,0
송에림,M,19450119,001148,서울 강북구 수유동,75,010-7785-4119,2009-06-19,9,586485,60800000,4,121600000,0
창순서,F,19670711,020019,경기 고양시 대화동,53,010-5216-2837,2005-03-17,13,284951,115000000,3,230000000,0
조서진,M,19650501,025690,경기 파주시 교하읍,55,010-5451-6666,2005-07-01,13,6597307,27300000,5,54600000,0
반원레이,M,19540805,025326,경기 의정부시 호원동,66,010-5700-6406,2003-07-10,14,3120965,97000000,3,194000000,0
비천별,M,19760215,023160,경기 시흥시 신천동,44,010-9633-7471,2005-01-30,13,689086,11500000,7,23000000,0
담폴라,M,19360326,020085,경기 고양시 마두1동,84,010-7459-5743,2008-03-17,10,3001042,31500000,8,63000000,0
수뤠이전,F,19400120,048674,경기 고양시 마두1동 ,80,010-2801-9731,2005-09-12,12,604923,549500000,3,1099000000,0
팽수지제인,F,19590304,004637,서울 성동구 응봉동,61,010-2142-1167,2002-10-31,15,410091,63600000,5,127200000,0
김얘찬,F,19720215,011632,대구 북구 구암동,48,010-8355-1632,2003-06-03,15,145870,4000000,6,8000000,0
사공스텔라김,M,19681222,013684,인천 부평구 부개3동,52,010-8458-0355,2006-07-03,12,7275786,558100000,3,1116200000,0
함광묵,F,19581003,025649,경기 파주시 맥금동,62,010-4061-2383,2006-06-11,12,915461,30900000,4,61800000,0
관상례,F,19480520,100002,경기 파주시 야당동,72,010-1737-7828,2004-01-28,14,582532,54300000,3,108600000,0
인카일주성,M,19630910,024043,경기 안양시 평촌동,57,010-4547-0994,2006-07-23,11,386908,623800000,3,1247600000,0
배카이토,M,19610129,048584,경기 고양시 장항동,59,010-2308-4402,2008-02-16,10,3028170,4500000,9,9000000,0
가택신,M,19530504,029680,경남 고성군 고성읍,67,010-8569-5468,2006-12-10,11,167785,112300000,4,224600000,6500000
오샐라,M,19960408,020196,경기 고양시 일산3동,24,010-3990-4876,2005-06-10,13,150130,44900000,4,89800000,0
전파,M,19431024,026402,경기 하남시 감이동,77,010-9238-2386,2009-01-28,9,728855,149800000,5,299600000,0
염염시,F,19540716,004699,서울 성북구 길음2동,66,010-1417-4337,2004-12-20,13,5988083,8700000,5,17400000,0
섭천미,F,19650218,020637,경기 광명시 하안3동,55,010-5124-5467,2005-02-01,13,927636662,8300000,2,16600000,0
견익서,M,19701122,026686,경기 화성시 정남면,50,010-6715-1663,2006-02-14,12,16744485,3100000,7,6200000,0
류굉대,M,19370527,048363,경기 고양시 백석동,83,010-1673-0352,2008-09-10,9,23305794,27900000,7,55800000,0
채세라물결,F,19611201,019877,경기 고양시 성사동,59,010-2929-5762,2003-03-07,15,1411163,751800000,1,1503600000,0
호관륜,F,19820330,018870,강원 영월군 영월읍,38,010-6019-8866,2007-02-25,11,793813,3600000,10,7200000,0
함체성,F,19771012,024534,경기 용인시 고림동,43,010-4535-3591,2002-03-13,16,5998942,3200000,6,6400000,0
궁감승후,F,19581201,004316,서울 서초구 방배동,62,010-2538-7905,2009-08-27,8,588655,111400000,6,222800000,0
섭캘러든,F,19490730,009455,부산 사하구 하단1동,71,010-4755-3331,2003-12-08,14,1593997,60700000,3,121400000,0
황목데본리암,M,19471126,020003,경기 고양시 화정동,73,010-9995-2165,2006-08-16,11,423192,30000000,5,60000000,0
소금량,F,19820205,004734,서울 성북구 돈암동,38,010-9814-9997,2003-01-22,15,7787730,56100000,3,112200000,0
번율우,M,19520123,023948,경기 안양시 부림동,68,010-4208-8303,2003-05-06,15,893638,382100000,3,764200000,0
길윤구,F,19540806,027349,경기 연천군 미산면,66,010-1898-8725,2007-01-11,11,18405399,6100000,4,12200000,0
원택하,M,19620610,038214,전남 영광군 불갑면,58,010-8011-9211,2007-12-27,10,463030,325000000,4,650000000,0
랑상병,F,19481126,024043,경기 안양시 평촌동,72,010-8442-8972,2006-03-27,12,117929,67200000,3,134400000,0
곽아라별,F,19510108,020013,경기 고양시 가좌동,69,010-4728-0664,2008-10-02,9,212070,906000000,3,1812000000,0
도다예고,F,19621014,019238,강원 철원군 동송읍,58,010-9783-3707,2002-01-14,16,8259475,111600000,3,223200000,0
라채돈,F,19740908,025700,경기 파주시 교하읍,46,010-9722-6463,2002-05-13,16,838879574,177300000,2,354600000,0
천두형,F,19680210,000900,서울 강동구 천호동,52,010-6630-6338,2006-02-20,12,13208758,51100000,6,102200000,36100000
황애든,M,19500808,020184,경기 고양시 일산2동,70,010-8356-6310,2004-01-15,14,408510,677000000,2,1354000000,0
배새라성희,M,19600513,003536,서울 동작구 사당3동,60,010-9713-7698,2003-03-27,15,25022950,58600000,4,117200000,0
구리온한,M,19700412,019866,경기 고양시 성사1동,50,010-4724-2414,2005-09-09,12,678059,43200000,3,86400000,0
뢰혜향,F,19930417,020085,경기 고양시 마두1동,27,010-2535-9272,2004-02-08,14,860432,58200000,5,116400000,0
공해오른,F,19880610,023180,경기 시흥시 은행동,32,010-8575-8389,2007-09-12,10,1174401,4300000,6,8600000,0
야예빈우,F,19720313,023104,경기 시흥시 대야동,48,010-5433-6114,2008-06-10,10,3550752,20900000,8,41800000,0
제쉔상준,F,19541025,027667,경남 김해시 삼계동,66,010-8480-2833,2007-10-27,10,480067,405000000,4,810000000,0
난혜애인,M,19960408,020196,경기 고양시 일산3동,24,010-3990-4876,2005-06-10,13,150130,44900000,4,89800000,0
기윤묵,M,19870707,013015,인천 계양구 박촌동,33,010-1900-4534,2002-05-14,16,9917327,18700000,7,37400000,0
육하돈,M,19671211,001390,서울 강서구 화곡4동,53,010-2411-1350,2003-08-19,14,498041,48800000,4,97600000,0
박지복,F,19741107,037225,전남 고흥군 풍양면,46,010-4049-5351,2002-08-06,15,327319,421100000,2,842200000,0
총한예슬,M,19640724,003699,서울 동작구 신대방동,56,010-9034-2458,2005-09-26,12,131539,24000000,7,48000000,0
인리유진,F,19561113,001665,서울 관악구 봉천본동,64,010-3697-5296,2005-06-20,13,456339839,148400000,2,296800000,0
남궁찬령,F,19881007,004329,서울 서초구 서초1동,32,010-8733-4441,2006-12-24,11,675473,21200000,8,42400000,0
천웅행,M,19510513,022000,경기 부천시 심곡1동,69,010-4705-9044,2002-04-24,16,367824,471000000,2,942000000,0
천포용,F,19740228,025627,경기 파주시 금촌1동,46,010-9288-1601,2001-06-25,17,30126,28800000,4,57600000,0
진수상,F,19550915,003512,서울 동작구 사당2동,65,010-7003-0188,2007-07-12,10,18590513,145000000,3,290000000,0
황보의로운,F,19600208,021238,경기 김포시 하성면,60,010-5952-6456,2002-04-30,16,308875,16100000,4,32200000,0
오두헌,M,19500410,009284,부산 사하구 괴정2동,70,010-7291-1705,2003-12-28,14,8475667,69900000,4,139800000,0
배미아이,M,19670427,049028,경기 화성시 능동,53,010-1584-1651,2004-04-28,14,31622,217600000,4,435200000,0
감목현,M,19710411,028742,경남 진주시 상봉동,49,010-3760-5131,2006-11-22,11,1823391,329500000,2,659000000,0
수리한태민,M,19640712,019959,경기 고양시 화전동,56,010-1060-6344,2004-04-13,14,8756076,2800000,9,5600000,0
운해리한결,M,19560415,020996,경기 군포시 당동,64,010-4100-4284,2005-03-23,13,2727134,1400000,9,2800000,0
어진태,F,19660412,018167,강원 춘천시 석사동,54,010-9124-6187,2002-08-28,15,466775,8600000,6,17200000,0
전회진,F,19380602,027330,경기 연천군 전곡읍,82,010-4904-8359,2002-02-25,16,8570063,25600000,3,51200000,0
온운재,M,19570307,006468,서울 은평구 응암2동,63,010-4512-2618,2010-01-24,8,23947885,5200000,5,10400000,0
표치오니아,M,19721016,002731,서울 노원구 월계2동,48,010-5255-6937,2004-05-13,14,396470,36700000,4,73400000,0
인한태풍,F,19720507,023435,경기 안산시 선부3동,48,010-6352-3324,2003-12-01,14,490317,143500000,3,287000000,0
포일혁,F,19770607,020199,경기 고양시 일산3동,43,010-2756-0417,2002-07-25,15,21182336,1600000,6,3200000,0
반요한지안,M,19740603,032509,경북 상주시 외남면,46,010-8829-6147,2005-12-17,12,299757116,1200000,5,2400000,0
학커널시우,F,19671013,003858,서울 동작구 신대방1동,53,010-1555-1687,2010-03-02,8,481230664,511300000,3,1022600000,0
번운도,M,19760215,001327,서울 강서구 방화동,44,010-8105-6363,2004-06-24,14,950070807,11400000,3,22800000,0
서문위린,F,19541227,001204,서울 강서구 공항동,66,010-3979-2012,2005-03-30,13,817716934,161400000,2,322800000,0
맹라후,M,20030105,024175,경기 안양시 안양2동,17,010-2821-5143,2008-11-15,9,508420,37500000,6,75000000,0
용멜리나,F,19790710,002256,서울 구로구 구로5동,41,010-8105-1584,2003-06-30,15,746724,854800000,2,1709600000,0
편이하울,F,19500514,026590,경기 화성시 동탄면,70,010-6402-9588,2002-07-16,15,2828647,730000000,3,1460000000,0
표을중,M,19540730,019877,경기 고양시 성사동,66,010-9353-7325,2005-07-17,12,883485,239300000,4,478600000,0
경매매,M,19510524,021916,경기 부천시 원종동,69,010-7567-0861,2008-05-13,10,797054,65300000,4,130600000,0
당봉걸,M,19700520,003954,서울 마포구 중동,50,010-3273-7666,2005-12-08,12,2002103,44700000,7,89400000,0
자제일린,M,19370507,041241,전북 정읍시 덕천면,83,010-6350-2568,2005-01-03,13,722809,36100000,7,72200000,0
팽알얀,M,19780724,021052,경기 군포시 산본2동,42,010-7475-9362,2006-02-27,12,324424235,863300000,3,1726600000,0
독겸노,M,19470615,024201,경기 안양시 안양4동,73,010-2755-5168,2008-05-13,10,384346,46100000,6,92200000,0
동방시회,M,19790626,020336,경기 고양시 풍동,41,010-7219-1931,2013-07-07,5,363757,13900000,6,27800000,0
오랑주,M,19530908,048580,경기 고양시 마두동,67,010-3907-9970,2003-09-26,14,527942,68300000,4,136600000,0
관향래,F,19501201,033712,경북 포항시 장성동,70,010-4095-9869,2005-03-02,13,777806,9200000,5,18400000,0
배목가,F,19750817,001074,서울 강북구 수유1동,45,010-6144-4795,2002-12-02,15,865481,245100000,2,490200000,0
등정중린,M,19701017,019959,경기 고양시 화전동,50,010-4895-0458,2003-03-05,15,2069699,23400000,5,46800000,0
류애례,M,19450828,016447,대전 중구 유천2동,75,010-6800-1795,2010-01-21,8,6174465,17800000,8,35600000,0
견라히,M,19630130,026239,경기 포천시 자작동,57,010-5489-5445,2004-03-02,14,201753,818700000,2,1637400000,142800000
선범섭,F,19621110,020184,경기 고양시 일산2동,58,010-5325-9095,2003-03-03,15,26665,2900000,7,5800000,0
어별무리,F,19491122,039881,전북 김제시 명덕동,71,010-2387-7564,2002-05-21,16,779474,1100000,9,2200000,0
제갈황채,F,19830709,036241,전남 목포시 옥암동,37,010-2961-4113,2002-04-30,16,3889021,270400000,1,540800000,0
망절세채,M,19900515,042479,제주 제주시 도남동,30,010-1160-6584,2006-12-08,11,7856645,114200000,5,228400000,0
배찬,F,19580807,046785,충북 단양군 단양읍,62,010-7288-1553,2005-01-06,13,136014,49800000,3,99600000,0
매명예,M,19520309,039996,전북 김제시 부량면,68,010-2111-5805,2007-03-25,11,7748799,11500000,9,23000000,0
지향현,M,19460420,048529,경기 고양시 주엽2동,74,010-3524-5369,2005-02-28,13,14365342,941700000,2,1883400000,0
초화택,F,19780623,012858,대구 달성군 화원읍,42,010-9944-4372,2008-04-02,10,5313920,1400000,7,2800000,0
랑두량,F,19470704,000496,서울 강남구 일원동,73,010-9143-2712,2005-06-20,13,17100923,415300000,2,830600000,0
팽헌터지우,F,19530429,005165,서울 송파구 마천2동,67,010-6745-2758,2004-09-01,13,457738,34300000,4,68600000,0
빙챔벨레인,F,19810416,005200,서울 송파구 방이동,39,010-8657-9389,2004-08-18,13,9795757,17200000,4,34400000,0
염인겸,M,19630125,020321,경기 고양시 탄현동,57,010-6566-6550,2009-05-11,9,161863,323400000,2,646800000,0
증제찬,F,19580325,004164,서울 서대문구 홍은동,62,010-1658-5207,2004-05-10,14,312522,75600000,3,151200000,0
요성다혜,M,19791114,009130,부산 사상구 모라2동,41,010-8930-3793,2007-01-17,11,737744,657000000,3,1314000000,0
감하렌,F,19491114,005298,서울 송파구 잠실7동,71,010-4383-0257,2003-12-23,14,996434,28600000,6,57200000,0
학홍늉,F,19710814,033221,경북 영천시 금호읍,49,010-7761-2856,2010-07-26,7,58466,3200000,7,6400000,0
애성하이,F,19800228,012204,대구 수성구 두산동,40,010-8665-5590,2004-04-02,14,657070,1700000,7,3400000,0
장궁혜,M,19581124,020210,경기 고양시 일산4동,62,010-3624-4665,2006-08-13,11,383347,2300000,9,4600000,0
마은담,M,19730822,025770,경기 파주시 조리읍,47,010-3164-7903,2005-05-15,13,3024925,429900000,3,859800000,0
초천경,F,19521218,025628,경기 파주시 금촌2동,68,010-5406-1833,2001-10-28,16,16855259,409000000,2,818000000,0
위본현,F,19600322,006075,서울 용산구 이촌1동,60,010-8963-0310,2003-07-20,14,27493,2800000,7,5600000,0
피병순,M,19840119,005262,서울 송파구 오금동,36,010-9744-9654,2004-11-23,13,731048,28000000,3,56000000,0
궉예국,M,19731008,044278,충남 천안시 풍세면,47,010-6171-0765,2009-08-03,8,214815,356200000,4,712400000,0
편쿄우진,M,19840709,045325,제주 서귀포시 동홍동,36,010-1363-4030,2006-06-19,12,565801,10500000,9,21000000,0
피태섭,M,19501212,016079,대전 서구 둔산동,70,010-8820-9293,2007-05-18,11,812789452,832400000,3,1664800000,0
송장흠,F,19781103,045359,충남 예산군 신양면,42,010-3128-7800,2006-06-20,12,3422373,42100000,4,84200000,0
왕자현,F,19500411,046349,충북 청주시 신봉동,70,010-8481-4709,2005-10-06,12,1216998,15400000,9,30800000,1600000
갈덕미,M,19760731,039884,전북 김제시 상동동,44,010-9405-6672,2003-07-08,15,9780604,781800000,2,1563600000,0
차탄하,M,20041230,020282,경기 고양시 주엽2동,16,010-9597-0418,2006-12-11,11,3983821,101700000,5,203400000,0
궉한나유진,F,19740621,020773,경기 광주시 퇴촌면,46,010-3562-8792,2003-04-07,15,194778,24300000,4,48600000,0
백브엘,F,19480410,006430,서울 은평구 신사동,72,010-4871-8867,2002-06-05,16,84656,4800000,6,9600000,0
낭이한얼,M,19421119,048345,경기 고양시 백석동,78,010-2364-4121,2008-04-01,10,499968,4900000,6,9800000,0
변경휘,M,19830411,000620,서울 강동구 길동,37,010-3451-2943,2003-02-27,15,388149,12700000,8,25400000,0
다례민,F,19651206,025700,경기 파주시 교하읍,55,010-2198-7587,2002-12-22,15,20848563,5900000,7,11800000,0
뇌메디슨,M,19760321,022931,경기 수원시 조원동,44,010-8067-4441,2007-03-19,11,412195,22400000,8,44800000,0
위방글,M,19610924,039715,전북 군산시 산북동,59,010-5199-7798,2003-09-08,14,482638,1700000,10,3400000,0
번나별,F,19650306,012739,대구 중구 삼덕동1가,55,010-1371-6779,2005-09-21,12,5112798,33200000,7,66400000,0
예마르셀라,F,19531010,003984,서울 서대문구 남가좌2동,67,010-2077-6132,2005-07-14,12,3006020,103000000,3,206000000,0
봉시우나무,M,19600327,021124,경기 김포시 북변동,60,010-8789-4509,2007-01-13,11,813095,15700000,4,31400000,0
창수석,M,19860317,016026,대전 서구 도마1동,34,010-2414-0235,2002-10-21,15,1339135,259100000,4,518200000,0
총세흰,M,19711130,041116,전북 전주시 효자동1가,49,010-4576-4289,2007-03-28,11,222031,75700000,4,151400000,0
배애니지원,F,19590107,048547,경기 고양시 주엽동,61,010-5771-0628,2006-12-17,11,311247,24300000,4,48600000,0
음비욜,M,19530502,006544,서울 종로구 구기동,67,010-9964-8599,2004-10-28,13,505155,24400000,4,48800000,0
채카일최,F,19730623,042795,제주 북제주군 추자면,47,010-8349-2343,2003-10-12,14,6778384,4700000,6,9400000,0
사제임스현,M,19590325,003717,서울 동작구 흑석동,61,010-7307-2752,2001-12-17,16,91693,6800000,7,13600000,0
장크마,M,19480718,007095,서울 중구 회현동1가,72,010-9653-1957,2005-05-25,13,701334,52200000,3,104400000,0
애휴주원,F,19730203,024733,경기 용인시 구성읍,47,010-9160-0707,2007-01-08,11,350103,14300000,6,28600000,0
필헌범,M,19520409,048421,경기 고양시 정발산동,68,010-4652-6949,2003-12-11,14,131073,7900000,7,15800000,0
태설준,F,19521211,007948,부산 남구 용호1동,68,010-5806-0506,2006-11-06,11,25964064,29500000,4,59000000,0
허고결,F,19620804,044005,충남 천안시 성정동,58,010-8285-1222,2003-11-25,14,869717620,53600000,2,107200000,0
엄세사,M,19530304,021576,경기 남양주시 화도읍,67,010-6104-1858,2005-07-27,12,174494,78000000,4,156000000,0
옹가스히데,M,19821108,027349,경기 연천군 미산면,38,010-4002-6112,2007-08-05,10,29437061,66100000,4,132200000,0
궁두이,M,19660122,013490,인천 남동구 구월동,54,010-1365-1589,2007-11-28,10,10624245,669700000,3,1339400000,0
은겸민,F,19540315,010822,대구 남구 봉덕3동,66,010-4418-5143,2005-05-15,13,43410,138300000,4,276600000,0
염추미,M,19480606,015076,인천 연수구 연수2동,72,010-6794-9079,2008-01-07,10,731793,159800000,3,319600000,0
좌민비,F,19710826,016079,대전 서구 둔산동,49,010-8005-7817,2001-06-25,17,645561055,767900000,3,1535800000,0
보루시아나,F,19620913,020204,경기 고양시 일산3동,58,010-7438-6570,2001-11-05,16,179152,165900000,5,331800000,0
방사랑세라,F,19510605,005729,서울 영등포구 신길6동,69,010-7141-4104,2004-04-12,14,920307,52700000,3,105400000,0
내공길,M,19680228,020262,경기 고양시 주엽1동,52,010-8080-8770,2009-07-21,8,764581,264300000,4,528600000,0
배켄드릭,F,19741119,013839,인천 부평구 산곡3동,46,010-7629-4125,2008-08-17,9,907233,26500000,4,53000000,0
도성하이,M,19390911,013931,인천 부평구 청천동,81,010-7726-3541,2004-04-13,14,2207019,13300000,8,26600000,0
원만결,F,19730112,020252,경기 고양시 장항2동,47,010-8478-6541,2003-12-08,14,111329,3700000,8,7400000,0
등굉장,F,19380320,022157,경기 성남시 구미동,82,010-1788-0914,2013-06-18,5,514414,602600000,2,1205200000,0
묵요영,F,19790121,002731,서울 노원구 월계2동,41,010-5399-5022,2006-12-13,11,10306936,22300000,4,44600000,0
성노바연서,M,19620326,020252,경기 고양시 장항2동,58,010-9930-1126,2004-04-03,14,935257,734900000,2,1469800000,0
맹조회,F,19510801,017626,강원 삼척시 남양동,69,010-3618-3888,2005-08-08,12,872055,571000000,1,1142000000,0
섭아츠야,M,19680606,029510,경남 통영시 광도면,52,010-3057-4807,2006-08-24,11,776962,111000000,3,222000000,0
빈임랑,F,19570214,048547,경기 고양시 주엽동,63,010-4003-3276,2001-03-20,17,2975352,2300000,7,4600000,0
당센온신,M,20070710,024290,경기 안양시 안양9동,13,010-7193-3441,2005-09-22,12,5775260,69200000,6,138400000,0
탁웅비토비,M,19600903,021528,경기 고양시 백석2동,60,010-2704-4070,2004-11-30,13,557617216,1300000,4,2600000,0
황목보나,F,19700311,005012,서울 성북구 하월곡동,50,010-7249-0412,2007-07-23,10,7068032,68500000,3,137000000,0
서진전,M,19910214,030976,경북 경산시 중산동,29,010-7143-7825,2003-07-18,14,4192310,30200000,7,60400000,0
무임찬,M,19490604,011548,대구 동구 지묘동,71,010-5201-3264,2001-06-15,17,18443687,3800000,9,7600000,0
노차미,M,19421221,004096,서울 서대문구 연희3동,78,010-2604-6640,2005-09-23,12,5799450,17600000,6,35200000,0
라하용,M,19620814,036800,전남 여수시 신월동,58,010-4917-9452,2009-12-23,8,278533,148400000,4,296800000,0
해뢰자,F,19800708,048570,경기 고양시 탄현동,40,010-4236-1059,2003-07-23,14,9005498,89500000,3,179000000,0
태리아보나,M,20011215,005462,서울 양천구 목동,19,010-8789-5747,2004-11-15,13,839572,992300000,1,1984600000,0
제갈담형,M,19740822,004201,서울 서대문구 홍제동,46,010-6095-3239,2002-09-10,15,347040,110000000,4,220000000,0
시존요한,M,19960910,019924,경기 고양시 행신2동,24,010-7494-6456,2002-06-26,16,17803794,6400000,7,12800000,0
림김윤후,M,19731206,041921,전북 완주군 봉동읍,47,010-1208-0922,2004-07-13,13,813387,22300000,4,44600000,0
견이채,M,19690930,022552,경기 성남시 성남동,51,010-6922-0131,2002-10-21,15,222343,31300000,7,62600000,0
팽혜남,M,19740216,005462,서울 양천구 목동,46,010-1620-3696,2007-12-20,10,23503648,29500000,7,59000000,0
류현지별,F,19490117,042473,제주 제주시 노형동,71,010-5631-1195,2002-06-18,16,643392,10300000,8,20600000,0
점세안,M,19680220,005482,서울 양천구 신월4동,52,010-7174-8847,2002-03-23,16,5040430,44800000,5,89600000,158400000
장표원,F,19710626,021964,경기 부천시 상3동,49,010-1430-7742,2009-02-04,9,4979300,43200000,3,86400000,6200000
무본권범,M,19550623,022118,경기 성남시 구미동,65,010-6853-2851,2004-05-20,14,177366,29000000,7,58000000,0
염초하람,F,19520419,008344,부산 동래구 복천동,68,010-4158-7947,2005-09-12,12,105818,21600000,7,43200000,0
양념경,M,19800311,016719,울산 남구 야음동,40,010-4205-7565,2004-11-29,13,350476,77500000,3,155000000,0
종율탄,F,19440807,006165,서울 용산구 한강로2가,76,010-5828-7825,2006-05-31,12,10322326,14200000,6,28400000,0
운솜귀,M,19441006,027905,경남 마산시 산호동,76,010-4310-9630,2007-05-08,11,716776,33800000,7,67600000,0
후샬롯시은,F,19560719,005468,서울 양천구 신월2동,64,010-6054-6324,2005-02-15,13,1108656,1800000,7,3600000,0
강화담,M,19940905,014051,인천 서구 심곡동,26,010-7568-6912,2005-05-02,13,613062,3900000,8,7800000,0
추흘진,F,19500802,028176,경남 마산시 내서읍,70,010-9017-5059,2005-12-18,12,761507,1500000,10,3000000,8300000
인재스퍼문,F,19680306,021731,경기 동두천시 탑동,52,010-4944-6748,2008-09-06,9,1879713,76900000,3,153800000,0
마설옥,M,19650528,003097,서울 도봉구 창1동,55,010-7213-0533,2006-07-30,11,369909,25000000,7,50000000,0
제키엔윤복,F,19470504,020402,경기 과천시 중앙동,73,010-8549-4114,2002-11-04,15,781936,4300000,6,8600000,0
사공세라은율,F,19800524,047789,충북 청원군 내수읍,40,010-9145-8230,2004-02-24,14,29277,3000000,7,6000000,0
리요나솔,M,19760605,005674,서울 영등포구 문래동3가,44,010-6568-7226,2008-06-08,10,975307,596900000,3,1193800000,0
독봉도,M,19680115,025243,경기 의정부시 의정부2동,52,010-3653-5503,2003-10-01,14,6485092,57100000,4,114200000,0
방태늘,M,19850702,012528,대구 수성구 신매동,35,010-1594-8714,2007-11-19,10,119120,167900000,4,335800000,0
민린안,M,19561213,028163,경남 마산시 내서읍,64,010-1274-2937,2002-04-30,16,426335,16900000,6,33800000,0
국두을,F,19680605,004089,서울 서대문구 연희3동,52,010-1692-5790,2006-04-18,12,392879,13200000,5,26400000,0
함카이영,M,19531101,002462,서울 금천구 시흥5동,67,010-6362-3492,2002-09-30,15,473323,55700000,6,111400000,0
호유나유,F,19820808,020292,경기 고양시 주엽2동,38,010-4199-6194,2004-03-05,14,6925228,217900000,3,435800000,0
초신성,F,19700130,020133,경기 고양시 백석동,50,010-5329-2950,2007-07-17,10,10274881,481000000,2,962000000,0
섭삽좌,F,19750905,021064,경기 군포시 수리동,45,010-7744-0140,2002-01-15,16,381413,3000000,7,6000000,0
자솔준홍,M,19651208,013931,인천 부평구 청천동,55,010-1730-3981,2006-04-16,12,58728,233400000,3,466800000,0
매제커리,M,19440501,000620,서울 강동구 길동,76,010-2719-3600,2007-01-29,11,18465400,3300000,9,6600000,0
점제만,M,20060702,021683,경기 동두천시 보산동,14,010-4815-4149,2002-11-20,15,265451,17700000,8,35400000,0
뢰목선,F,19570506,001148,서울 강북구 수유동,63,010-1390-6338,2003-07-29,14,3154461,857200000,2,1714400000,0
어안젤라,M,19530313,006858,서울 중구 만리동1가,67,010-8649-3776,2002-08-20,15,9040632,18500000,6,37000000,0
조리건,M,19550502,032768,경북 안동시 북후면,65,010-3776-3537,2004-11-25,13,5523024,274400000,3,548800000,0
어우진워렌,F,19490828,015727,대전 대덕구 신탄진동,71,010-7886-1512,2009-04-15,9,149906,381900000,4,763800000,0
낭덕지,F,19760513,046401,충북 충주시 문화동,44,010-4260-8176,2001-07-16,16,1372435,21700000,7,43400000,0
유수견,M,19741109,007783,부산 금정구 청룡동,46,010-8429-6649,2003-01-10,15,772464,16200000,4,32400000,0
조전다은,F,19730703,004191,서울 서대문구 홍제3동,47,010-8485-8687,2004-07-28,13,325603,15900000,4,31800000,0
영유량,F,19770128,019866,경기 고양시 성사1동,43,010-4320-0474,2005-01-31,13,907106,37200000,4,74400000,0
화현양,F,19560727,048550,경기 고양시 탄현동,64,010-9303-8035,2003-02-27,15,4732389,60700000,3,121400000,2100000
뇌숀준원,F,19740208,013156,인천 남구 문학동,46,010-2814-6974,2004-02-05,14,983691,65900000,6,131800000,0
탕탁금,F,19540930,025664,경기 파주시 교하읍,66,010-9335-3891,2001-10-28,16,441424,758500000,1,1517000000,0
구일리,F,19580821,005540,서울 양천구 신정3동,62,010-6167-0490,2002-10-10,15,909619,26500000,7,53000000,0
한하단,F,19860605,025664,경기 파주시 교하읍,34,010-3531-2800,2007-12-06,10,4457859,179600000,3,359200000,0
근철경,F,19580809,048584,경기 고양시 장항동,62,010-1190-0681,2005-05-11,13,582239,82200000,4,164400000,0
매현록,F,19730903,042512,제주 제주시 삼도2동,47,010-7427-2414,2005-05-24,13,6521801,32300000,4,64600000,0
번츠나르,M,19390806,019266,강원 철원군 동송읍,81,010-3454-3879,2004-10-21,13,231662064,40000000,3,80000000,0
림룡자,M,20110802,020293,경기 고양시 주엽2동,9,010-7241-9266,2004-03-15,14,815522,10900000,8,21800000,0
가키라린,M,19560731,018465,강원 태백시 삼수동,64,010-7785-0252,2006-02-25,12,10587797,37500000,7,75000000,0
인권석,M,19960408,020196,경기 고양시 일산3동,24,010-3990-4876,2005-06-10,13,150130,44900000,4,89800000,0
대해균,M,20000711,048429,경기 고양시 중산동,20,010-5732-3531,2004-05-27,14,1440403,283300000,3,566600000,0
동완득,F,19490331,005782,서울 영등포구 여의도동,71,010-6745-6095,2006-01-02,12,940255,1200000,7,2400000,0
연희목,M,19481102,027442,경남 거제시 옥포동,72,010-8681-9277,2003-08-20,14,262641,38700000,4,77400000,0
형성직,F,19600227,021704,경기 동두천시 생연2동,60,010-9731-7851,2007-02-19,11,385033,490600000,3,981200000,0
황목율원,F,19410122,021730,경기 동두천시 지행동,79,010-3492-7679,2009-02-11,9,17982527,50400000,5,100800000,0
권씨엘존,M,19590808,022771,경기 수원시 매탄2동,61,010-2266-5119,2004-01-19,14,519344,469000000,2,938000000,0
배엠마넬,M,19680812,016632,울산 남구 신정2동,52,010-2253-4723,2005-07-31,12,181245,628200000,3,1256400000,0
엽교엽,F,19690305,026033,경기 평택시 지산동,51,010-1315-3469,2003-05-09,15,518093484,34800000,2,69600000,0
가기방,M,19681122,016710,울산 남구 야음2동,52,010-5425-5572,2003-06-09,15,9028603,60400000,5,120800000,0
삼평강,F,19710916,010688,대구 남구 대명6동,49,010-2335-0156,2001-10-29,16,961013,558100000,1,1116200000,0
간장백,M,19460722,043752,충남 아산시 염치읍,74,010-5842-8032,2007-07-06,11,25550533,1700000,9,3400000,0
내이삭민영,F,19550902,045333,충남 예산군 신암면,65,010-6527-1114,2005-09-28,12,968517171,13900000,4,27800000,0
유췬얀,M,19481017,004164,서울 서대문구 홍은동,72,010-4538-8097,2009-07-28,8,9734677,31800000,7,63600000,0
좌마틴준선,M,19380608,019924,경기 고양시 행신2동,82,010-9947-2422,2006-04-23,12,1315854,17700000,8,35400000,0
해윌슨형준,F,19400216,016031,대전 서구 도마2동,80,010-1742-4741,2004-04-26,14,995086,471800000,2,943600000,0
뢰아론킴,M,19590629,044489,충남 당진군 고대면,61,010-1136-7060,2003-09-20,14,498841950,29500000,4,59000000,0
섭코우,F,19860304,013953,인천 서구 가좌1동,34,010-4514-4647,2007-12-17,10,28656284,3800000,5,7600000,0
란주니오,M,19790502,001446,서울 강서구 화곡8동,41,010-8269-7277,2007-04-26,11,2152618,315400000,3,630800000,0
맹존기,F,19920619,021710,경기 동두천시 생연동,28,010-4592-7687,2012-04-25,6,9017941,3900000,5,7800000,0
황목찬상,M,19531112,022333,경기 성남시 이매동,67,010-8221-2538,2005-04-04,13,3273086,33800000,4,67600000,0
빈챠이리엔,M,19690805,026432,경기 하남시 덕풍동,51,010-8212-6604,2004-08-29,13,540264,236200000,3,472400000,0
형제별,F,19670103,020847,경기 구리시 수택2동,53,010-5271-4155,2003-01-22,15,9981597,5200000,6,10400000,47400000
견박인애,F,19910306,004715,서울 성북구 길음동,29,010-1119-0622,2003-03-26,15,743185,25400000,4,50800000,0
담묵율,F,19510507,021157,경기 김포시 장기동,69,010-9155-7265,2002-03-20,16,630772,36600000,4,73200000,0
견이예건,F,19680209,020077,경기 고양시 마두1동,52,010-9957-8088,2005-11-10,12,819380,256500000,2,513000000,0
양노권,M,19601020,022079,경기 부천시 중2동,60,010-2833-0537,2005-05-03,13,64518513,3000000,5,6000000,0
창아롬,F,19831107,014325,인천 강화군 불은면,37,010-7337-3984,2003-05-25,15,202074,7200000,7,14400000,0
황보부,M,19501109,004014,서울 서대문구 북가좌동,70,010-9675-0848,2002-05-16,16,8888293,37700000,6,75400000,0
추율행,F,19540929,019863,경기 고양시 성사1동,66,010-7811-3893,2004-05-24,14,174982,2100000,7,4200000,0
공리야,M,19710525,025664,경기 파주시 교하읍,49,010-3519-3850,2002-09-06,15,467313,14900000,8,29800000,0
변창윤,M,19810611,020820,경기 구리시 교문동,39,010-2259-9225,2006-08-07,11,15339887,537800000,3,1075600000,0
영단애,F,19550907,019877,경기 고양시 성사동,65,010-4876-8639,2007-04-09,11,348571584,25900000,3,51800000,0
서최유진,M,19550312,004144,서울 서대문구 홍은1동,65,010-1531-7844,2008-05-19,10,995706,348600000,4,697200000,0
계길선,M,19540829,032391,경북 상주시 함창읍,66,010-9724-6318,2003-06-16,15,21126,64000000,4,128000000,173500000
석겸도,M,19490828,022669,경기 수원시 금곡동,71,010-6341-7455,2009-08-04,8,408863,2700000,9,5400000,0
모해나리,M,19531209,011521,대구 동구 신천4동,67,010-1535-2826,2003-04-02,15,278685,1700000,9,3400000,0
오광민,F,19730610,025770,경기 파주시 조리읍,47,010-4114-9907,2006-10-25,11,954496,192400000,4,384800000,0
황보에릭죠지,M,19630820,036541,전남 순천시 낙안면,57,010-8644-2439,2001-08-27,16,20785014,590800000,2,1181600000,0
용욱미,F,19440228,020080,경기 고양시 마두1동,76,010-7718-6418,2002-08-10,15,589479,5900000,5,11800000,0
황고세이,M,19480820,004345,서울 서초구 서초2동,72,010-7070-3902,2002-09-09,15,25400773,486700000,2,973400000,0
온지사,M,19510712,020013,경기 고양시 가좌동,69,010-8435-2725,2008-03-04,10,9231652,36200000,7,72400000,0
종철경,M,19670706,019267,강원 철원군 동송읍,53,010-3912-3979,2008-09-22,9,543443,63800000,7,127600000,0
번청비,M,19650407,021438,경기 남양주시 와부읍,55,010-1923-3394,2009-07-28,8,7137335,5700000,9,11400000,0
비아폴린,M,19630803,000240,서울 강남구 도곡2동,57,010-8850-1878,2010-02-21,8,765535,17100000,7,34200000,0
판필전,M,19940905,014051,인천 서구 심곡동,26,010-7568-6912,2005-05-02,13,613062,3900000,8,7800000,0
함딜란재,M,19470906,010511,부산 기장군 기장읍,73,010-4696-6342,2003-11-15,14,414889,35100000,4,70200000,0
당김지아,F,19700410,013620,인천 동구 창영동,50,010-2808-1548,2007-06-17,11,340004,269600000,4,539200000,0
모라랑,F,20060227,020085,경기 고양시 마두1동,14,010-7597-0448,2001-09-07,16,634708,33800000,4,67600000,0
박네모,M,19600613,004023,서울 서대문구 북아현2동,60,010-1198-7682,2005-02-23,13,115992,7600000,7,15200000,0
점꽃채운,M,19470220,022670,경기 김포시 장기동,73,010-3145-6210,2005-01-23,13,27863599,11700000,6,23400000,0
은앤드류존,M,19711129,005473,서울 양천구 신월2동,49,010-2719-7974,2004-01-13,14,88881,1300000,10,2600000,0
아리나다빈,F,19970224,020258,경기 고양시 주엽1동,23,010-5000-6203,2003-12-21,14,3835398,4900000,9,9800000,0
용류향,F,19560705,020350,경기 과천시 문원동,64,010-4615-3544,2009-06-03,9,946214,192400000,2,384800000,0
자철운,M,19750501,025078,경기 의정부시 가능1동,45,010-1873-9917,2006-12-16,11,854590,1500000,10,3000000,0
독고로관,F,19510311,020035,경기 고양시 대화동,69,010-9090-1564,2004-03-29,14,118050,39300000,3,78600000,0
강재이슨존,M,19751113,020665,경기 광주시 송정동,45,010-4755-7985,2007-08-03,10,2296417,308800000,3,617600000,0
구로이서진,F,19610925,014053,인천 서구 연희동,59,010-8562-6042,2002-10-05,15,8302646,118000000,3,236000000,0
송미쉘효인,M,19780514,002456,서울 금천구 시흥4동,42,010-6201-4514,2006-12-19,11,18269439,10300000,8,20600000,0
산리암준호,F,19771217,048159,경기 고양시 일산2동,43,010-6038-7207,2004-04-07,14,419672,24900000,4,49800000,0
황보이예린,M,19610702,020085,경기 고양시 마두1동,59,010-9252-3744,2003-05-20,15,205525,18800000,6,37600000,0
부흠찬,F,19810816,003669,서울 동작구 상도동,39,010-8207-5125,2008-06-30,10,7013100,545200000,1,1090400000,0
한초송,M,19440213,048580,경기 고양시 마두동,76,010-9565-9878,2005-12-27,12,623406,114800000,4,229600000,0
설우녹,F,19721114,003744,서울 마포구 공덕동,48,010-7378-7914,2003-09-07,14,821668823,129500000,2,259000000,0
모다옴,F,19580927,020898,강원 홍천군 홍천읍,62,010-9134-5040,2002-09-03,15,636310556,1500000,2,3000000,0
증금여,M,19470312,006302,서울 은평구 갈현동,73,010-3146-8014,2007-04-02,11,290328,69400000,6,138800000,0
피예함,M,19771102,039696,전북 군산시 미룡동,43,010-2259-1150,2003-02-03,15,786182,538500000,2,1077000000,0
명라이링,M,19700227,004003,서울 서대문구 북가좌1동,50,010-7859-9178,2002-06-27,16,188883,24900000,7,49800000,0
천본지,F,19700627,014016,인천 서구 불로동,50,010-8881-0224,2006-10-22,11,1377091,421100000,2,842200000,0
장가브리엘,M,19720903,041355,전북 정읍시 태인면,48,010-9364-4314,2003-09-02,14,5112181,37100000,7,74200000,0
해기감,M,19871104,017812,강원 속초시 교동,33,010-7421-2591,2003-09-24,14,451627,183800000,4,367600000,0
서문고든,M,19620627,020029,경기 고양시 대화동,58,010-4779-9311,2004-09-19,13,840283,4000000,8,8000000,0
점주안아인,F,19461218,014016,인천 서구 불로동,74,010-1624-9980,2005-01-24,13,6230836,38400000,7,76800000,0
창희유,M,19570203,024031,경기 안양시 평안동,63,010-4903-4607,2009-09-21,8,860432,68200000,6,136400000,0
당근율,F,19640525,005200,서울 송파구 방이동,56,010-7326-5787,2008-05-13,10,8394429,21000000,4,42000000,0
애준얜,M,19640522,041768,전북 순창군 순창읍,56,010-3682-2637,2003-06-17,15,7565658,5600000,6,11200000,0
란찬걸,F,19451102,016116,대전 서구 용문동,75,010-4042-5499,2004-09-15,13,5453086,33000000,4,66000000,0
염인소,F,19530606,012208,대구 수성구 두산동,67,010-2206-5366,2004-07-21,13,7922598,330400000,3,660800000,0
수늘이,F,19500913,026007,경기 평택시 신장동,70,010-5754-2288,2006-02-16,12,729876,99800000,3,199600000,0
탕자씬타,F,19620209,013483,인천 남동구 구월3동,58,010-1453-2570,2005-11-04,12,132704,107900000,6,215800000,0
임탁신,F,19530503,044095,충남 천안시 청수동,67,010-7221-0766,2005-06-07,13,787938,15700000,4,31400000,0
계슬은,F,19570823,020326,경기 고양시 탄현동,63,010-5417-6386,2002-08-19,15,304917,77000000,3,154000000,0
옹김시언,M,19630701,014168,인천 연수구 청학동,57,010-3381-4549,2004-08-16,13,7571906,276200000,3,552400000,0
허순덕,M,19710731,005467,서울 양천구 신월1동,49,010-3542-2759,2007-11-19,10,17584103,75600000,4,151200000,0
리국일,M,19650529,021899,경기 부천시 오정동,55,010-7435-9033,2005-06-06,13,750497,264800000,4,529600000,0
호강한울,M,20041227,013015,인천 계양구 박촌동,16,010-5317-7930,2008-10-17,9,576869,244700000,3,489400000,0
오기용,M,19481103,017896,강원 원주시 단구동,72,010-8398-0715,2002-11-13,15,819192,75100000,3,150200000,0
근나린,F,19610821,003699,서울 동작구 신대방동,59,010-4647-6156,2005-11-09,12,13933354,184300000,4,368600000,0
음사제,M,19630516,024370,경기 양주시 백석읍,57,010-9640-1517,2002-05-15,16,8180469,10000000,5,20000000,65000000
박장서현,F,19720117,030981,경북 경산시 진량읍,48,010-5408-6308,2003-01-06,15,5056377,60200000,6,120400000,0
묵지앎,F,19640521,026182,경기 평택시 포승면,56,010-2019-9406,2001-11-13,16,28628052,13100000,6,26200000,0
온서명,M,19460623,023160,경기 시흥시 신천동,74,010-3209-8699,2008-04-28,10,149378,33400000,7,66800000,0
황사혁,F,19831107,014325,인천 강화군 불은면,37,010-7337-3984,2003-05-25,15,202074,7200000,7,14400000,0
운온흠,F,19480523,027300,경기 연천군 연천읍,72,010-3314-3993,2006-05-14,12,9047697,204900000,2,409800000,0
조우작,F,19560717,025690,경기 파주시 교하읍,64,010-1065-3011,2003-09-01,14,164030101,404800000,2,809600000,0
증니은,F,19760718,046276,충북 청주시 사직1동,44,010-8301-8173,2005-07-11,12,2350099,77400000,3,154800000,0
곽노라아라,M,19740209,003634,서울 동작구 상도4동,46,010-6754-7170,2006-03-03,12,103717,4100000,9,8200000,0
등잔봇,F,19870527,018331,강원 춘천시 후평2동,33,010-9967-5761,2003-01-09,15,660955,25300000,3,50600000,0
랑유니아,F,19800823,027618,경남 김해시 구산동,40,010-2039-6313,2003-05-25,15,685198800,19200000,3,38400000,188400000
도태존,F,19871114,042650,제주 제주시 일도동,33,010-8012-1602,2001-08-27,16,997341,216000000,2,432000000,0
무묘혜,F,19681205,005740,서울 영등포구 신길동,52,010-1650-9832,2003-06-04,15,2574317,752400000,2,1504800000,0
난원렬,F,19820721,005307,서울 송파구 잠실본동,38,010-4184-6512,2004-08-04,13,2995245,15300000,9,30600000,0
궉엘리나김,M,19750731,020214,경기 고양시 일산4동,45,010-8415-2304,2006-07-01,12,722145,3800000,10,7600000,0
교유로은,M,19550409,048547,경기 고양시 주엽동,65,010-1000-0245,2007-01-05,11,886796,16700000,8,33400000,0
만민유,M,19550202,005662,서울 영등포구 문래동1가,65,010-9891-4105,2010-03-11,8,2205347,216200000,3,432400000,0
섭한봉,M,19460725,013806,인천 부평구 부평동,74,010-1145-8176,2004-07-01,14,9346449,73200000,6,146400000,0
강희례,M,19790903,048580,경기 고양시 마두동,41,010-1443-2038,2004-04-06,14,47852,21100000,4,42200000,0
로운성,F,19771224,045440,충남 청양군 목면,43,010-6367-8057,2004-02-24,14,496622050,2600000,2,5200000,0
목성유,F,19590326,016710,울산 남구 야음2동,61,010-4119-1515,2002-03-25,16,422487,709800000,3,1419600000,0
관하산,M,19650507,020003,경기 고양시 화정동,55,010-6989-3050,2009-11-08,8,719795389,110400000,3,220800000,0
갈야룡주,M,19551023,020013,경기 고양시 가좌동,65,010-7923-7114,2005-09-21,12,815071,1800000,9,3600000,0
송유나백,M,19571110,020123,경기 고양시 백석동,63,010-8521-3358,2005-01-26,13,385903,113700000,3,227400000,0
양레산냐,M,19430527,001795,서울 관악구 신림9동,77,010-4157-5312,2005-11-27,12,27547713,13800000,8,27600000,0
허예서린,F,19850210,004622,서울 성동구 용답동,35,010-9488-6259,2004-10-27,13,3459464,2800000,9,5600000,0
채에릭준서,F,19600602,002462,서울 금천구 시흥5동,60,010-9551-1228,2008-03-10,10,1370133,124800000,5,249600000,0
궁마크지호,M,19530509,005685,서울 영등포구 문래동,67,010-9810-6772,2001-08-24,16,28532030,4600000,6,9200000,136600000
원여종,F,19751007,048547,경기 고양시 주엽동,45,010-6921-4070,2004-07-12,13,319886,70600000,3,141200000,0
내다예빈,F,19780729,017545,강원 동해시 북평동,42,010-9286-2304,2001-03-15,17,4893819,737200000,1,1474400000,0
다락인,F,19791115,048548,경기 고양시 탄현동,41,010-9556-3796,2001-08-13,16,6273448,66400000,4,132800000,0
영렬,M,19490202,006580,서울 종로구 동숭동,71,010-4419-9241,2001-08-30,16,762273,1900000,10,3800000,0
범란이마튜,F,19590416,025668,경기 파주시 교하읍,61,010-7046-4818,2006-08-16,11,29497536,44900000,4,89800000,0
필카일빅터,M,19450626,032501,경북 상주시 사벌면,75,010-2831-9358,2006-01-03,12,585901,2500000,10,5000000,40500000
란년홍,F,19460803,037556,전남 담양군 봉산면,74,010-2026-2036,2004-11-10,13,639047270,2200000,4,4400000,0
만사랑엘라,F,19810224,006494,서울 은평구 응암동,39,010-7835-9837,2005-08-01,12,8714472,14600000,7,29200000,0
사니하,F,19680128,042430,제주 서귀포시 서홍동,52,010-9490-8114,2003-12-30,14,19930626,9700000,6,19400000,0
해솔린한솔,F,19480721,022888,경기 수원시 율전동,72,010-4021-4165,2006-05-15,12,17848236,2900000,6,5800000,0
묘경노,M,19961118,025664,경기 파주시 교하읍,24,010-6125-3442,2006-08-25,11,774380,65200000,4,130400000,0
맹무히바,F,19530513,020278,경기 고양시 주엽2동,67,010-1553-8878,2006-05-25,12,387894,4800000,8,9600000,0
근다니엘민,M,19720501,015180,광주 북구 양산동,48,010-7706-9844,2006-10-22,11,29474087,104700000,6,209400000,0
맹엥궁,M,19571113,007546,부산 강서구 명지동,63,010-3107-8563,2003-02-19,15,49193,65900000,4,131800000,0
팽맥도월,M,19470426,004444,서울 서초구 양재동,73,010-8595-3470,2004-07-11,13,16964704,16700000,8,33400000,0
민단청,F,19460712,020259,경기 고양시 주엽1동,74,010-1434-2093,2007-11-12,10,212208,308400000,3,616800000,0
화올리버현,F,19620402,048580,경기 고양시 마두동,58,010-4982-1802,2005-09-25,12,28282789,25800000,4,51600000,0
엽주희엘리,M,19600926,023938,경기 안양시 범계동,60,010-9076-1824,2004-02-15,14,3586840,2300000,8,4600000,0
국희카이,F,19521024,013182,인천 남구 용현1동,68,010-7956-0600,2001-11-13,16,811197,1500000,7,3000000,0
태휘만,F,19520224,048547,경기 고양시 주엽동,68,010-2919-9996,2002-09-16,15,343244,18100000,4,36200000,0
완심복,M,19680412,000900,서울 강동구 천호동,52,010-3199-5678,2005-11-21,12,969222,4500000,9,9000000,0
유키오나,F,19560222,005471,서울 양천구 신월2동,64,010-8474-9517,2006-09-24,11,108711,28200000,4,56400000,0
설홍엽,F,19790615,022274,경기 성남시 야탑동,41,010-2387-7051,2002-02-25,16,508456,43200000,7,86400000,0
국찬상,M,19460512,020344,경기 과천시 과천동,74,010-1004-9721,2008-01-07,10,8558596,24200000,8,48400000,0
종성언,F,19791015,023576,경기 안산시 사2동,41,010-9459-4570,2009-02-10,9,52977,44700000,3,89400000,0
돈다한,F,19350812,013980,인천 서구 검암동,85,010-6942-8105,2005-08-01,12,630959,1600000,7,3200000,0
황보러셀성규,M,19920916,024502,경기 오산시 원동,28,010-5628-4842,2001-08-13,16,641955,2600000,9,5200000,0
무정지민,M,19980204,002456,서울 금천구 시흥4동,22,010-8352-8564,2007-10-25,10,815878388,2100000,3,4200000,0
봉공례,M,19380705,006386,서울 은평구 불광3동,82,010-9591-1469,2006-03-23,12,586076,27000000,5,54000000,0
경기달,F,19480621,043752,충남 아산시 염치읍,72,010-6759-2277,2007-08-20,10,6651854,15500000,6,31000000,0
양알피존,F,19511109,041254,전북 정읍시 북면,69,010-8663-9414,2002-12-13,15,603450,32800000,4,65600000,0
태풍력,F,19860619,022029,경기 부천시 역곡1동,34,010-2338-8790,2009-12-03,8,9482086,18400000,8,36800000,0
뇌보견,M,19490515,022228,경기 성남시 서현동,71,010-2046-2533,2003-11-13,14,9731084,109600000,3,219200000,0
제갈에이든강,M,19510828,011595,대구 북구 고성동1가,69,010-2370-0847,2008-05-20,10,875157,5500000,6,11000000,0
민형공,M,19680103,023520,경기 안산시 본오2동,52,010-5154-5759,2007-02-05,11,1508627,2500000,10,5000000,0
상페트로,F,19841122,020059,경기 고양시 덕이동,36,010-4574-4242,2005-03-13,13,17924025,40800000,3,81600000,0
차도상,M,19470721,021158,경기 김포시 풍무동,73,010-2097-7148,2002-09-09,15,740882,812100000,2,1624200000,0
채조나단국,M,19890518,002187,서울 구로구 고척2동,31,010-3842-8621,2005-04-21,13,74190,412300000,3,824600000,0
천여훌,M,19521016,013001,인천 계양구 계산4동,68,010-5316-3553,2004-06-04,14,9896281,491600000,2,983200000,0
제갈원학,M,19800703,048607,경기 고양시 마두2동 ,40,010-4562-0065,2004-01-09,14,5738847,121900000,3,243800000,0
독고제슬,F,19770904,023899,경기 안양시 관양동,43,010-6089-6775,2002-07-16,15,3289569,45500000,3,91000000,0
모진조애나,M,19530328,004622,서울 성동구 용답동,67,010-7246-0062,2006-04-17,12,23891220,12900000,8,25800000,0
육바윰,F,19661112,025770,경기 파주시 조리읍,54,010-6692-7128,2005-08-07,12,469519,11900000,5,23800000,0
독도후,M,19740603,032509,경북 상주시 외남면,46,010-8829-6147,2005-12-17,12,299757116,1200000,5,2400000,0
예리오유진,M,19690708,026033,경기 평택시 지산동,51,010-4118-5118,2009-05-25,9,1858245,431600000,2,863200000,0
섭세뮬,F,19531128,021222,경기 김포시 양촌면,67,010-4654-2116,2003-01-15,15,950096,15700000,7,31400000,0
서문예힘,F,19510408,043966,충남 천안시 백석동,69,010-7906-2054,2006-11-06,11,8098309,578700000,1,1157400000,0
화별휘,F,19510604,029024,경남 진해시 경화동,69,010-5502-7910,2004-02-18,14,449695,1900000,9,3800000,0
매천흥,M,19781129,016209,대전 유성구 도룡동,42,010-9961-8430,2004-10-14,13,379269,25600000,4,51200000,0
간군선,M,19821211,010549,부산 기장군 일광면,38,010-5676-3836,2004-05-15,14,26829640,4600000,8,9200000,0
왕유성,M,19610403,002184,서울 구로구 고척2동,59,010-4235-0288,2002-10-15,15,599891,3800000,9,7600000,0
왕반우,F,19831120,025868,경기 파주시 적성면,37,010-4021-0919,2002-12-08,15,741158,81200000,3,162400000,0
하노혁,F,19780406,021528,경기 고양시 백석2동,42,010-9881-8189,2005-02-17,13,543526,24800000,4,49600000,0
천츠바사,F,19581020,048621,경기 고양시 백석동 ,62,010-2254-6867,2002-08-28,15,732171,5900000,8,11800000,0
피령도,F,19691212,023477,경기 안산시 원곡동,51,010-2801-7093,2007-09-17,10,22043,73200000,3,146400000,0
점통일,F,19570527,048580,경기 고양시 마두동,63,010-9694-7540,2006-11-13,11,372286,12400000,5,24800000,0
낭조셉진리,M,19650710,038621,전남 완도군 약산면,55,010-9020-2378,2005-07-27,12,4124263,68600000,4,137200000,0
편빛나에린,M,19540331,020085,경기 고양시 마두1동,66,010-5554-6160,2002-08-13,15,347630,189300000,3,378600000,0
천쾌생,M,19660218,009776,부산 연제구 거제1동,54,010-2343-1743,2002-10-23,15,934197,15500000,9,31000000,0
육무길,F,19810108,023383,경기 안산시 고잔2동,39,010-8097-9785,2007-10-25,10,437694,885100000,1,1770200000,0
정이산,F,19570719,005033,서울 송파구 가락2동,63,010-6878-3343,2006-01-24,12,464106,13200000,6,26400000,0
왕혜일,M,19810102,035044,경북 의성군 의성읍,39,010-7993-1219,2010-11-01,7,686598,406200000,3,812400000,108700000
방신아,M,19351129,025753,경기 파주시 법원읍,85,010-4829-6938,2002-05-06,16,893715112,38300000,2,76600000,0
선우효청,F,19820413,048584,경기 고양시 장항동,38,010-3912-9472,2003-10-02,14,1561992,251100000,2,502200000,0
선응주,M,19550420,001880,서울 관악구 신림본동,65,010-7271-3925,2003-06-16,15,432898,243900000,4,487800000,0
망절엠마아영,M,19341109,048580,경기 고양시 마두동,86,010-3614-6693,2005-06-09,13,12798,67000000,6,134000000,0
대송해,F,19790802,002401,서울 금천구 독산3동,41,010-9747-2332,2003-04-21,15,41672,13600000,7,27200000,187700000
림야문,M,19730212,005520,서울 양천구 신정1동,47,010-7532-3504,2009-12-28,8,17318055,34200000,7,68400000,0
원광찬,F,19820925,006506,서울 은평구 진관내동,38,010-2067-0213,2007-02-09,11,765422,14500000,5,29000000,0
방응인,M,19540401,003292,서울 동대문구 이문동,66,010-2534-3238,2008-04-02,10,2342017,5200000,9,10400000,0
명효섬,F,19511014,004529,서울 성동구 마장동,69,010-2802-5086,2007-07-29,10,2433947,8000000,9,16000000,7800000
염파울진,M,19491223,021157,경기 김포시 장기동,71,010-7420-2259,2005-09-05,12,976491,338000000,3,676000000,0
궉룡치,M,19680209,040092,전북 남원시 조산동,52,010-8089-1817,2001-11-03,16,432071,22700000,3,45400000,0
로하이디최,F,19670416,019716,강원 횡성군 횡성읍,53,010-4865-2816,2006-08-23,11,944135,21500000,8,43000000,0
섭지숙,M,19700503,016820,울산 동구 주전동,50,010-3336-4423,2008-07-29,9,6597745,496800000,3,993600000,0
진행소,M,19700410,019859,경기 고양시 삼송동,50,010-1282-5743,2011-05-11,7,10039011,33000000,4,66000000,0
서유리수,F,19720627,020138,경기 고양시 사리현동,48,010-5002-6084,2004-06-21,14,22348787,623300000,1,1246600000,0
송해든,M,19420331,047485,충북 음성군 금왕읍,78,010-1830-2782,2005-10-26,12,4550723,58400000,6,116800000,0
관흥근,F,19681230,028554,경남 사천시 정동면,52,010-4628-5844,2003-10-23,14,36162,25200000,5,50400000,0
빙렉싱턴,F,19651015,025623,경기 파주시 검산동,55,010-5869-3982,2003-10-06,14,20114342,171500000,2,343000000,0
예작,M,19790820,020175,경기 고양시 일산2동,41,010-6425-9609,2002-08-12,15,7313190,14100000,7,28200000,0
해병록,F,19480112,021528,경기 고양시 백석2동,72,010-8275-5559,2010-02-07,8,143702,4700000,10,9400000,0
황목은휴,M,19700819,005600,서울 영등포구 당산동4가,50,010-6847-8541,2004-01-06,14,880789,38300000,4,76600000,0
권인목,F,19370406,026510,경기 화성시 봉담읍,83,010-6144-5870,2001-11-30,16,703401,184300000,2,368600000,0
송태흥,M,19720531,045023,충남 서천군 화양면,48,010-7700-6500,2008-02-12,10,482130,3000000,8,6000000,0
양륭권,F,20130406,039610,전북 군산시 경암동,7,010-9328-6111,2005-05-26,13,202602302,16400000,3,32800000,0
전세랑,F,19530314,019959,경기 고양시 화전동,67,010-8022-6109,2007-07-08,11,6979792,447400000,3,894800000,0
목하이루,M,19620720,006004,서울 용산구 용산동2가,58,010-7538-9837,2007-01-07,11,880057,34100000,4,68200000,0
독륜엽,M,19730320,002309,서울 구로구 신도림동,47,010-9880-2631,2004-05-30,14,20441757,13000000,4,26000000,0
운박시온,M,19771118,020142,경기 고양시 설문동,43,010-2338-7845,2010-05-12,8,221500,2900000,8,5800000,0
선가흠,M,19310216,006598,서울 종로구 무악동,89,010-3120-0891,2006-04-27,12,679470,244400000,3,488800000,0
좌강로아,F,19560120,013202,인천 남구 용현3동,64,010-4939-7360,2005-06-15,13,5789776,13200000,4,26400000,0
고혜븐,M,19610427,020216,경기 고양시 일산4동,59,010-3538-9473,2008-09-16,9,2898424,6000000,9,12000000,0
손서음,M,19520504,020064,경기 고양시 덕이동,68,010-1548-7390,2002-06-20,16,1563494,2500000,6,5000000,0
심촬스정혁,F,19721007,004466,서울 서초구 잠원동,48,010-5624-0344,2003-12-20,14,685822984,93100000,3,186200000,0
천행남,M,19620610,009819,부산 연제구 거제4동,58,010-5495-1604,2009-06-23,9,548688,13300000,9,26600000,0
서최상,M,19700218,016596,울산 남구 신정1동,50,010-8660-4033,2002-08-05,15,28781,24300000,3,48600000,0
다완응,F,19600810,024243,경기 안양시 안양6동,60,010-9785-0599,2005-12-20,12,81610,454600000,2,909200000,0
현백귄,F,19810211,025028,경기 의왕시 오전동,39,010-3212-3715,2006-10-02,11,4778766,48800000,3,97600000,0
류철일,F,19720111,019837,경기 고양시 고양동,48,010-7301-1381,2009-12-06,8,827699,29400000,4,58800000,0
원춘비,M,19570105,025767,경기 파주시 법원읍,63,010-1067-2874,2007-09-26,10,987752,673600000,3,1347200000,0
피수피차,M,19690415,013389,인천 남구 학익동,51,010-7527-6958,2011-05-02,7,3071352,245500000,2,491000000,0
음지나김,F,19710621,025225,경기 의정부시 용현동,49,010-4418-6335,2008-03-30,10,306193,328900000,2,657800000,0
서문소혁,F,19710318,043211,충남 논산시 부적면,49,010-8214-7122,2007-05-14,11,355041,44300000,6,88600000,0
곡리산,M,19470721,005478,서울 양천구 신월3동,73,010-9980-7329,2004-07-02,14,154264,17200000,4,34400000,0
배승탄,F,19891207,024131,경기 안양시 석수2동,31,010-9274-4457,2004-06-22,14,310274,34500000,4,69000000,0
빙풍현,M,19450423,025690,경기 파주시 교하읍,75,010-8151-1541,2005-09-25,12,3777366,2100000,6,4200000,0
정정향,M,19500109,020336,경기 고양시 풍동,70,010-5492-2434,2004-04-21,14,321655,95500000,3,191000000,0
서문현관,F,19450327,001436,서울 강서구 화곡8동,75,010-8997-7536,2008-09-10,9,927761,300800000,3,601600000,0
간윤재다나,M,19651209,006468,서울 은평구 응암2동,55,010-1047-6712,2002-06-08,16,4482714,268600000,4,537200000,104300000
수기설,F,19740908,025700,경기 파주시 교하읍,46,010-9722-6463,2002-05-13,16,838879574,177300000,2,354600000,0
용에릭폴,F,19550226,025645,경기 파주시 금촌동,65,010-1754-5111,2006-06-28,12,215834,13600000,5,27200000,0
탁량헌,F,19690817,003857,서울 마포구 서교동,51,010-7291-0538,2003-08-20,14,21496042,509400000,1,1018800000,0
범배나,F,19600117,023477,경기 안산시 원곡동,60,010-8205-9343,2001-04-10,17,3251161,371500000,2,743000000,0
범애런용,F,19661106,045557,충남 태안군 태안읍,54,010-8862-9177,2002-09-02,15,493209,63700000,6,127400000,0
동영온,M,19650107,021794,경기 부천시 소사본동,55,010-4860-4469,2005-11-15,12,8783092,17500000,6,35000000,7500000
배폴정,M,19400729,025114,경기 의정부시 금오동,80,010-7496-7455,2004-02-16,14,871278,3600000,8,7200000,0
망절아델태연,M,19850924,048529,경기 고양시 주엽2동,35,010-5200-3110,2006-08-07,11,320593,360400000,4,720800000,0
수엔드류씨,F,19780629,044254,충남 천안시 입장면,42,010-7204-2950,2009-10-15,8,481834,576100000,1,1152200000,0
은응범,M,19490719,020204,경기 고양시 일산3동,71,010-3022-7230,2004-02-05,14,822596,19200000,8,38400000,0
공유밀,M,19470829,000193,서울 강남구 대치동,73,010-8422-9871,2006-01-02,12,440352,40400000,7,80800000,0
필탁률,F,19790406,012474,대구 수성구 수성동1가,41,010-3906-9748,2001-04-06,17,234163,45000000,3,90000000,0
번이브로즈,M,20090902,129277,경남 창원시 소계동,11,010-8582-7994,2002-04-01,16,3832944,382500000,3,765000000,0
길마함,F,19650301,025700,경기 파주시 교하읍,55,010-3019-8854,2006-08-24,11,397100,4200000,6,8400000,0
어완파,F,19700705,048583,경기 고양시 백석동,50,010-9261-8099,2005-12-26,12,9841048,165100000,2,330200000,0
담의식,M,19630620,025175,경기 의정부시 신곡1동,57,010-6688-9139,2007-12-19,10,965717,5000000,7,10000000,0
어금무봉,M,19740822,004201,서울 서대문구 홍제동,46,010-6095-3239,2002-09-10,15,347040,110000000,4,220000000,0
허령효,F,19581124,020508,경기 광명시 소하2동,62,010-8627-7781,2004-12-09,13,372717,218400000,2,436800000,0
용유이치,M,19521004,020184,경기 고양시 일산2동,68,010-8420-1055,2006-04-18,12,693635,6400000,8,12800000,0
낭최태이,F,19560920,001261,서울 강서구 등촌2동,64,010-7496-7161,2004-03-08,14,763181,25500000,4,51000000,0
민노아케빈,F,19511127,020184,경기 고양시 일산2동,69,010-6132-4720,2004-07-12,13,360579,63400000,7,126800000,0
제갈연태,M,19521007,020214,경기 고양시 일산4동,68,010-6570-5714,2005-09-14,12,43206,21200000,4,42400000,0
육병욱,M,19510420,013169,인천 남구 숭의2동,69,010-6447-6117,2005-02-28,13,970408,24100000,7,48200000,0
손사피나,M,19701129,008603,부산 부산진구 범천1동,50,010-2669-0920,2006-08-11,11,752972,17200000,8,34400000,0
낭실석,M,19681116,005743,서울 영등포구 양평동1가,52,010-1063-5738,2007-02-20,11,9085548,23600000,7,47200000,0
강희란,F,19530226,020312,경기 고양시 탄현동,67,010-9887-7552,2007-01-30,11,145930,162600000,3,325200000,0
좌임영,F,19561205,034451,경북 영덕군 영덕읍,64,010-6499-9244,2002-02-04,16,259469,87500000,3,175000000,0
공함자칸,M,19830727,000811,서울 강동구 암사동,37,010-6691-8631,2004-11-17,13,312175,21200000,6,42400000,0
창채내,F,19850903,017532,강원 동해시 동회동,35,010-5223-7753,2006-11-13,11,317561136,4900000,6,9800000,0
염승종,M,19630412,002398,서울 금천구 독산3동,57,010-5218-4028,2008-03-06,10,588531921,6500000,4,13000000,0
묘결화,F,19460105,025900,경기 파주시 탄현면,74,010-2922-0625,2006-10-15,11,27754899,6400000,8,12800000,0
목서음,F,19491011,000371,서울 강남구 압구정동,71,010-9636-2350,2004-02-09,14,682164,586500000,1,1173000000,0
송이안하준,F,19611019,025700,경기 파주시 교하읍,59,010-1470-2001,2005-10-16,12,5771113,38800000,7,77600000,0
배엠압둘라,F,19730728,022657,경기 수원시 권선동,47,010-3513-3410,2006-04-08,12,391172,15000000,9,30000000,0
풍휘탁,M,19580513,025647,경기 파주시 금촌동,62,010-2443-1748,2005-12-20,12,280087,571900000,2,1143800000,0
산율곤,F,19470207,020003,경기 고양시 화정동,73,010-3852-5398,2006-11-23,11,8050660,170300000,4,340600000,0
계로디,F,19660825,026033,경기 평택시 지산동,54,010-4467-0811,2005-05-24,13,207828,377400000,2,754800000,0
갈윌리엄휘,M,19690610,013437,인천 남동구 간석4동,51,010-5571-9264,2005-11-17,12,659009826,30300000,4,60600000,0
